Environmental,Key Medium,Indicator,Details,Source,Number
Environmental,Air,Particulate matter 2.5 (PM 2.5),Annual average PM2.5 levels in air,"EPA's Office of Air and Radiation, fusion of modeled and monitored data",2020
Environmental,Air,Ozone,Average of the annual top ten daily maximum 8-hour ozone concentrations in air,"EPA's Office of Air and Radiation, fusion of modeled and monitored data",2020
Environmental,Air,Nitrogen Dioxide (NO2),Average annual nitrogen dioxide (NO2) levels expressed as part per billion (by volume).,NASA's Health and Air Quality Applied Sciences Team (HAQAST),2020
Environmental,Air,Diesel particulate matter,Diesel particulate matter level in air,EPA Hazardous Air Pollutants,2020
Environmental,Air,Toxic Releases to Air,RSEI modeled toxicity-weighted concentrations in air of TRI listed chemicals.,"Calculated from 2021 Risk-Screening Environmental Indicators (RSEI) Geographic Microdata results for the air pathway, retrieved 5/16/2023",2021
Environmental,Air/other,Traffic proximity and volume,"Count of vehicles (AADT, avg. annual daily traffic) at major roads within 500 meters, divided by distance in meters (not km)","Calculated from 2020 U.S. Department of Transportation traffic data, retrieved 1/19/2023",2020
Environmental,Dust/ lead paint,Lead paint,"Percent of housing units built pre-1960, as indicator of potential lead paint exposure","Calculated based on Census/American Community Survey (ACS) data, retrieved 12/16/2023",2018-2022
Environmental,Waste/ air/ water,Superfund proximity,"Count of proposed or listed NPL - also known as superfund - sites within 5 km (or nearest one within 10 km), each divided by distance in kilometers",Calculated from EPA Superfund NPL boundaries and site (Final and Proposed) plus Superfund Alternative Approach (SAA) boundaries and sites 2/26/2024,2024
Environmental,Waste/ air/ water,Risk management plan (RMP) facility proximity,"Count of RMP (potential chemical accident management plan) facilities within 5 km (or nearest one within 10 km), each divided by distance in kilometers","Calculated from EPA RMP database, retrieved 2/26/2024",2024
Environmental,Waste/ air/ water,Hazardous waste proximity,"Count of hazardous waste facilities (TSDFs and LQGs) within 5 km (or nearest within 10 km), each divided by distance in kilometers","TSDF data calculated from EPA RCRAInfo database, retrieved 1/31/2024",2024
Environmental,Waste/ air/ water,Underground storage tanks (UST) and leaking UST (LUST),"Count of LUSTs (multiplied by a factor of 7.7) and the number of USTs within a 1,500-foot buffered block group","Calculated from EPA UST Finder, retrieved 2/2/2023",2023
Environmental,Water,Wastewater discharge,"RSEI modeled toxic concentrations at stream segments within 500 meters, divided by distance in kilometers (km)","Calculated from RSEI modeled toxic concentrations to stream reach segments, created 12/27/2023",2021
Environmental,Water,Drinking water non-compliance,Score based on number of Safe Drinking Water Act violations not returned to compliance that community water systems have received over the past five years; violations are weighted based on age and severity,Calculated from Safe Drinking Water Information System (2023 quarter 4 data) and Safe Drinking Water Act Public Water System Supervision Program's Enforcement Response Policy,2023
Socioeconomic,,People of color,"The percent of individuals in a block group who list their racial status as a race other than white alone and/or list their ethnicity as Hispanic or Latino. That is, all people other than non-Hispanic white-alone individuals. The word ""alone"" in this case indicates that the person is of a single race, not multiracial.",,
Socioeconomic,,Low-income,"The percent of a block group's population in households where the household income is less than or equal to twice the federal ""poverty level.""",,
Socioeconomic,,Unemployment rate,"The percent of a block group's population that did not have a job at all during the reporting period, made at least one specific active effort to find a job during the prior 4 weeks, and were available for work (unless temporarily ill).",,
Socioeconomic,,Limited English speaking,"Percent of people in a block group living in limited English speaking households. A household in which all members age 14 years and over speak a non-English language and also speak English less than ""very well"" (have difficulty with English) is limited English speaking.",,
Socioeconomic,,Less than high school education,Percent of people age 25 or older in a block group whose education is short of a high school diploma.,,
Socioeconomic,,Under age 5,Percent of people in a block group under the age of 5.,,
Socioeconomic,,Over age 64,Percent of people in a block group over the age of 64.,,
Socioeconomic,,Demographic Index,"The demographic index in EJScreen is a combination of percent low-income and percent minority, the two socioeconomic factors that were explicitly named in Executive Order 12898 on Environmental Justice. For each Census block group, these two numbers are simply averaged together. The formula is as follows: demographic index = (% people of color + % low-income) / 2.",,
Socioeconomic,,Supplemental Demographic Index,"The supplemental demographic index in EJScreen is a combination of five socioeconomic factors averaged together for each Census block group. The supplemental demographic index can provide an additional perspective on potential community vulnerability and may be more relevant for use in certain situations. The formula is as follows: supplemental demographic index = (% low-income + % persons with disabilities + % less than high school education + % limited English speaking + low life expectancy) / 5. For block groups where low life expectancy data is missing, the formula will average the other four factors.",,
EJIndex,Index,Particulate matter 2.5 (PM 2.5),"The Particulate Matter (PM)2.5 EJ Index combines the environmental burden indicator for PM2.5 with the demographic index (an average of % low-income and % people of color) for each census block group. The environmental burden indicator for PM2.5 measures the potential exposure to inhalable particles 2.5 microns or smaller (about 30 times smaller than the width of human hair) in terms of annual average concentration in micrograms per cubic meter (µg/m3). EJScreen presents PM2.5 concentrations using percentile rank, ranging from 0 (lowest) to 100 (highest). This indicator does not designate compliance with the national ambient air quality standard for PM2.5. Source: EPA’s Office of Air and Radiation. For more details on the PM2.5 indicator, including why it is important and what you can do moving forward, please visit the EJScreen Indicator Overview for PM2.5.",,
EJIndex,Index,Ozone,"The Ozone EJ Index combines the environmental burden indicator for ozone with the demographic index (an average of % low-income and % people of color) for each census block group. The environmental burden indicator for ozone measures how much ground-level ozone people might be exposed to by looking at the highest levels of ozone recorded at the ground-level and averaging the top ten days of the year. Ozone concentrations were measured as daily maximum eight-hour averages. EJScreen presents ground-level ozone concentrations using percentile rank, ranging from 0 (lowest) to 100 (highest). This indicator does not designate compliance with the national ambient air quality standard for ozone. Source: EPA’s Office of Air and Radiation. For more details on the ozone indicator, including why it is important and what you can do moving forward, please visit the EJScreen Indicator Overview for Ozone.",,
EJIndex,Index,Nitrogen Dioxide (NO2),"The NO2 EJ Index combines the environmental burden indicator for NO2 with the demographic index (an average of % low-income and % people of color) for each census block group. The environmental burden indicator for NO2 measures how much surface level NO2 people might be exposed to in terms of annual average concentration in parts per billion. EJScreen presents surface level NO2 concentrations using percentile rank, ranging from 0 (lowest) to 100 (highest). This indicator does not designate compliance with the national ambient air quality standard for NO2. Source: Goddard Earth Sciences Data and Information Services Center. For more details on the NO2 indicator, including why it is important and what you can do moving forward, please visit the EJScreen Indicator Overview for NO2.",,
EJIndex,Index,Diesel particulate matter,"The Diesel Particulate Matter (PM) EJ Index combines the environmental burden indicator for diesel PM with the demographic index (an average of % low-income and % people of color) for each census block group. The environmental burden indicator for diesel PM measures how much diesel PM (a mixture of particles from diesel exhaust) people might be exposed to in terms of micrograms per cubic meter (µg/m3). EJScreen presents diesel PM concentrations using percentile rank, ranging from 0 (lowest) to 100 (highest). Source: EPA’s Air Toxics Screening Assessment. For more details on the diesel PM indicator, including why it is important and what you can do moving forward, please visit the EJScreen Indicator Overview for Diesel PM.",,
EJIndex,Index,Toxic Releases to Air,"The Toxic Releases to Air EJ Index combines the environmental burden indicator for toxic releases to air with the demographic index (an average of % low-income and % people of color) for each census block group. The environmental burden indicator for toxic releases to air measures the average annual chemical concentrations in air weighted by the toxicity of each chemical. This indicator includes chemicals covered by EPA’s Toxics Release Inventory (TRI) Program which can cause cancer, other significant human health effects, are reactive, ignitable, or cause significant adverse environmental effects. EJScreen presents these toxic releases using percentile rank, ranging from 0 (lowest) to 100 (highest). Source: EPA’s RSEI Geographic Microdata. For more details on the toxic releases to air indicator, including why it is important and what you can do moving forward, please visit the EJScreen Indicator Overview for Toxic Releases to Air.",,
EJIndex,Index,Traffic proximity and volume,"The Traffic Proximity EJ Index combines the environmental burden indicator for traffic proximity with the demographic index (an average of % low-income and % people of color) for each census block group. The environmental burden indicator for traffic proximity measures the count of vehicles per day (average annual daily traffic- AADT) divided by distance. EJScreen presents traffic proximity using percentile rank, ranging from 0 (lowest) to 100 (highest). Source: U.S. Department of Transportation National Transportation Atlas Database, Highway Performance Monitoring System. For more details on the traffic proximity indicator, including why it is important and what you can do moving forward, please visit the EJScreen Indicator Overview for Traffic Proximity.",,
EJIndex,Index,Lead paint,"The Lead Paint EJ Index combines the environmental burden indicator for lead paint with the demographic index (an average of % low-income and % people of color) for each census block group. The environmental burden indicator for lead paint is based on the percentage of housing units built before 1960, a proxy for how much lead paint people might be exposed to. EJScreen presents this potential exposure to lead paint using percentile rank, ranging from 0 (lowest) to 100 (highest). Source: Census Bureau's American Community Survey 5-year summary estimates. For more details on the lead paint indicator, including why it is important and what you can do moving forward, please visit the EJScreen Indicator Overview for Lead Paint.",,
EJIndex,Index,Superfund proximity,"The Superfund Proximity EJ Index combines the environmental burden indicator for Superfund proximity with the demographic index (an average of % low-income and % people of color) for each census block group. The environmental burden indicator for Superfund proximity measures how close people might live to sites listed on the National Priorities List (NPL). This indicator calculates the total count of sites proposed and listed on the NPL within 5 km (or nearest within 10 km), divided by distance. EJScreen presents Superfund proximity using percentile rank, ranging from 0 (lowest) to 100 (highest). Source: EPA’s CERCLIS database. For more details on the Superfund proximity indicator, including why it is important and what you can do moving forward, please visit the EJScreen Indicator Overview for Superfund Proximity.",,
EJIndex,Index,Risk management plan (RMP) facility proximity,"The RMP Facility Proximity EJ Index combines the environmental burden indicator for RMP facility proximity with the demographic index (an average of % low-income and % people of color) for each census block group. The environmental burden indicator for RMP facility proximity measures how close people might live to an active facility with a required Risk Management Plan (potential chemical accident management plan). This indicator calculates the total count of RMP facilities within 5 km (or nearest within 10 km), divided by distance. EJScreen presents RMP facility proximity using percentile rank, ranging from 0 (lowest) to 100 (highest). Source: EPA’s RMP database. For more details on the RMP facility proximity indicator, including why it is important and what you can do moving forward, please visit the EJScreen Indicator Overview for RMP Facility Proximity.",,
EJIndex,Index,Hazardous waste proximity,"The Hazardous Waste Proximity EJ Index combines the environmental burden indicator for hazardous waste proximity with the demographic index (an average of % low-income and % people of color) for each census block group. The environmental burden indicator for hazardous waste proximity measures how close people might live to a facility that handles hazardous waste. This indicator calculates the total count of hazardous waste facilities (TSDFs and LQGs) within 5 km (or nearest within 10 km), divided by distance. EJScreen presents hazardous waste proximity using percentile rank, ranging from 0 (lowest) to 100 (highest). Source: EPA’s RCRAInfo database. For more details on the hazardous waste indicator, including why it is important and what you can do moving forward, please visit the EJScreen Indicator Overview for Hazardous Waste Proximity.",,
EJIndex,Index,Underground storage tanks (UST) and leaking UST (LUST),"The UST EJ Index combines the environmental burden indicator for UST with the demographic index (an average of % low-income and % people of color) for each census block group. The environmental burden indicator for UST measures how many underground storage tanks and UST release sites are near where people live. This indicator is based on the sum of LUSTs and USTs within a 1,500-foot buffered block group. EJScreen presents this relative density of USTs using percentile rank, ranging from 0 (lowest) to 100 (highest). Source: EPA’s UST Finder tool. For more details on the UST indicator, including why it is important and what you can do moving forward, please visit the EJScreen Indicator Overview for UST.",,
EJIndex,Index,Wastewater discharge,"The Wastewater Discharge EJ Index combines the environmental burden indicator for wastewater discharge with the demographic index (an average of % low-income and % people of color) for each census block group. The environmental burden indicator for wastewater discharge measures how much relative risk there is of being exposed to pollutants from wastewater that flows into rivers or other bodies of water downstream. This relative risk is based on estimated concentrations of pollutants in downstream water bodies within 500 meters, divided by distance in km. EJScreen presents wastewater discharge proximity using percentile rank, ranging from 0 (lowest) to 100 (highest). Source: EPA’s RSEI modeled toxic concentrations to stream reach segments. For more details on the wastewater discharge indicator, including why it is important and what you can do moving forward, please visit the EJScreen Indicator Overview for Wastewater Discharge.",,
EJIndex,Index,Drinking water non-compliance,"The Drinking Water Non-Compliance EJ Index combines the environmental burden indicator for drinking water non-compliance with the demographic index (an average of % low-income and % people of color) for each census block group. The environmental burden indicator for drinking water non-compliance highlights populations served by community water systems that have challenges complying with Safe Drinking Water Act requirements. Points are calculated using a modified version of EPA’s Enforcement Targeting Tool criteria, which accounts for violation severity and age. EJScreen presents drinking water non-compliance using percentile rank, ranging from 0 (lowest) to 100 (highest). Source: EPA’s Safe Drinking Water Information System & Drinking Water Enforcement Response Policy and Enforcement Targeting Tool. For more details on the drinking water non-compliance indicator, including why it is important and what you can do moving forward, please visit the EJScreen Indicator Overview for Drinking Water Non-Compliance.",,
Climate,,Flood Risk,"The First Street Foundation Flood Model is a nationwide probabilistic flood model that shows the risk of flooding at any location in all 50 states and Puerto Rico due to rainfall (pluvial), riverine flooding (fluvial), and coastal surge flooding. While other hydraulic and hydrologic models show refined risks of flooding in certain areas, this model provides complete coverage across the United States at 3-meter resolution. The First Street Foundation Flood Model provides a consistent and unified methodology across the entire country with continuous outputs. This extends into areas that have no previous flood modeling and even areas that do not have recorded hydrologic data. As a result, there is increased visibility into new regions of the entire country.",,
Climate,,Wildfire Risk,"The First Street Foundation-Wildfire Model (FSF-WFM) is a 30 meter resolution model representing the wildfire exposure for any specific location in the contiguous US, today and with the future climate change. The risk of wildfire is derived from a series of inputs associated with fire fuels, weather, human influence, and fire movement. Bringing all of these inputs together, at a national scale, in a high-resolution, climate-adjusted model represents a first-of-its-kind property-level wildfire risk model. In the development of the model, U.S. Federal Government open data are used for the foundational topography, fuels, weather, climate, and historical disturbances information, and additional data were added from a variety of state and local wildfire and land management sources to facilitate a both high resolution and future-facing (estimates both for today and for 30 years ahead) product.",,
Climate,,100 Year Floodplain,"This 100 Year Floodplain map displays areas estimated to be inundated by a 100-year flood, also known as the 1% annual chance flood. These data are based on the Federal Emergency Management Agency (FEMA) 100-year flood inundation maps with the goal of creating a seamless floodplain map at 30-meter resolution for the conterminous United States. This map identifies a given pixel's membership in the 100-year floodplain and completes areas that FEMA has not yet mapped. This dataset was developed for EPA's EnviroAtlas tool.",,
Climate,,Sea Level Rise (NOAA),"This dataset depicts land at risk of permanent flooding when sea level rises. There are six map layers showing the area inundated at one, two, three, four, five and six feet of sea level rise. Over the next 30 years, scientists estimate a one to three-foot rise along most of the U.S. coastline. These data can be used to look for areas of potential permanent inundation based on chosen sea level rise estimates (i.e., 1 to 6 feet) in relation to locations of social and economic vulnerability.",,
Climate,,Extreme Heat,"This dataset provides a screening level assessment of extreme heat potential by census block group. This dataset describes the average number of days over 90º F (from 2019-2023) per block group. This is calculated from PRISM Climate Group’s gridded daily Tmax estimates. Note this is dry-bulb temperature, and does not factor in humidity.",,
Health,,Low Life Expectancy,"Average life expectancy data developed as a collaboration between NCHS, the National Association for Public Health Statistics and Information Systems, and the Robert Wood Johnson Foundation. This data is available at the tract level; the same tract value is then assigned to all sub block groups.",,
Health,,Heart Disease,"Heart disease prevalence among adults aged 18 years or older. The term ""heart disease"" refers to several types of heart conditions. This data is available at the tract level; the same tract value is then assigned to all sub block groups.",,
Health,,Asthma,Asthma prevalence among adults aged 18 or older. This data is available at the tract level; the same tract value is then assigned to all sub block groups.,,
Health,,Cancer,Cancer (excluding skin cancer) prevalence among adults aged 18 or older. This data is available at the Census tract level; the same tract value is then assigned to all sub block groups.,,
Health,,Persons with Disabilities,"Percent of all persons with disabilities. Considers six disability types: hearing difficulty, vision difficulty, cognitive difficulty, ambulatory difficulty, self-care difficulty, and independent living difficulty. Respondents who report any one of the six disability types are considered to have a disability. For more information on each disability type visit: Census.gov: How Disability Data are Collected from The American Community Survey.",,
CriticalServiceGaps,,Broadband Gaps,Areas with the lowest rate of households with a broadband internet subscription.,,
CriticalServiceGaps,,Lack of Health Insurance,Percent of all persons without Health Insurance Coverage.,,
CriticalServiceGaps,,Housing Burden,"This dataset contains census tract level percentiles for housing cost, which is the share of households that are both earning less than 80% of Housing and Urban Development’s Area Median Family Income and are spending more than 30% of their income on housing costs. The housing cost percentiles were adopted as Housing Burden for EJScreen.",,
CriticalServiceGaps,,Transportation Access,"The Average of Transportation Indicator uses an average of four transportation-related indicator percentiles, including Transportation Cost Burden, National Walkability Index, Percentage of Households with No Vehicle Available, and Mean Commute Time to Work. It was renamed to Transportation Access for EJScreen.",,
CriticalServiceGaps,,Food Desert,Low income and low access tract measured at 1 mile for urban areas and 10 miles for rural areas. This data is available at the tract level.,,
Facilities,,Superfund,"The Superfund Enterprise Management System (SEMS) provides information regarding sites under the Comprehensive Environmental Response, Compensation, and Liability Act -- otherwise known as CERCLA or Superfund. CERCLA provides a Federal ""Superfund"" to locate, investigate, and clean up uncontrolled or abandoned hazardous-waste sites as well as accidents, spills, and other emergency releases of pollutants and contaminants into the environment. The National Priorities List (NPL) is the list of national priorities among the known releases or threatened releases of hazardous substances, pollutants, or contaminants throughout the United States and its territories.",,
Facilities,,Hazardous Waste (TSDF and LQGs),"Hazardous waste information contained in the Resource Conservation and Recovery Act Information (RCRAInfo) includes an inventory on all generators, transporters, treaters, storers, and disposers of hazardous waste that are required to provide information about their activities.",,
Facilities,,Water Dischargers (NPDES),"As authorized by the Clean Water Act, the National Pollutant Discharge Elimination System (NPDES) permit program controls water pollution by regulating sources, such as municipal and industrial wastewater treatment facilities, that discharge pollutants into waters of the United States. EPA tracks water discharge permits through the Permit Compliance System (PCS) and Integrated Compliance Information System (ICIS) databases, which includes information on when a permit was issued and when it expires, how much the company is permitted to discharge, and the actual monitoring data showing what the company has discharged.",,
Facilities,,Air Pollution (ICIS-AIR),"The air pollution data (ICIS-AIR) contains compliance and permit data for stationary sources of air pollution (such as electric power plants, steel mills, factories, and universities) regulated by EPA, state and local air pollution agencies. The information in ICIS-AIR is used by the states to prepare State Implementation Plans (SIPs) and to track the compliance status of point sources with various regulatory programs under Clean Air Act.",,
Facilities,,Brownfields (ACRES),"The Assessment, Cleanup and Redevelopment Exchange System (ACRES) captures grantee reported data on environmental activities and accomplishments (assessment, cleanup and redevelopment), funding, job training, and details on cooperative partners and leveraging efforts for the Brownfields Program. The information in ACRES is provided at the property and grant level.",,
Facilities,,Toxics Release Inventory,"As authorized under the Emergency Planning and Community Right-to-Know Act (EPCRA) and the Pollution Prevention Act (PPA), the Toxics Release Inventory (TRI) tracks the management of certain toxic chemicals that may pose a threat to human health and the environment. U.S. facilities in different industry sectors must report annually how much of each chemical is released to the environment and/or managed through recycling, energy recovery and treatment.",,
Facilities,,Chemical Data Reporting (TSCA),"The Toxic Substances Control Act (TSCA) grants EPA broad authority to issue regulations designed to gather health/safety and exposure information on, require testing of, and control exposure to chemical substances and mixtures. Under Section 8(a) of TSCA, the Chemical Data Reporting (CDR) rule requires manufacturers (including importers) to report information every four years on the production and use of chemicals in commerce. This map shows point locations for sites that submitted CDR reports to EPA during the most recent reporting cycle (2020).",,
Facilities,,Facilities Compliance Status,"The map layer uses the Enforcement and Compliance History Online (ECHO) standard facility symbology to illustrate the programs each facility is regulated under, whether they are in noncompliance, and how long it has been since the last inspection. Users can choose to view all facilities or tailor the view to facilities regulated under the Clean Air Act, Clean Water Act, or Resource Conservation and Recovery Act. Source: This includes data about EPA-regulated facilities from the All Media Programs facility search and the ECHO Exporter.",,
Air,,Air Toxics Cancer Risk,"The air toxics cancer risk data is the estimated lifetime inhalation cancer risk from the analyzed carcinogens in ambient outdoor air, as provided by EPA’s AirToxScreen. The value of the indicator is persons per million over a 70-year lifetime. The data is reported at the Census block level.",,
Air,,Nonattainment Areas,"If the air quality in a geographic area meets or is cleaner than the National Ambient Air Quality Standard (NAAQS), it is called an attainment area; areas that don't meet the national standard are called nonattainment areas. In some cases, EPA is not able to determine an area's status after evaluating the available information and those areas are designated ""unclassifiable."" These are areas that do not meet (or that contributes to ambient air quality in a nearby area that does not meet) the national primary or secondary ambient air quality standard for a NAAQS.",,
Air,,RSEI Score,"A RSEI Score is a unitless value that accounts for the size of the chemical release, the fate and transport of the chemical through the environment, the size and location of the exposed population, and the chemical's toxicity. A RSEI Score is calculated as toxicity weight multiplied by the exposed population multiplied by the estimated dose. RSEI Scores are only meaningful in comparison to other RSEI Scores.",,
Water,,Impaired Water Points,"The Impaired Water Points layer includes points that are too polluted or otherwise degraded to meet the water quality standards set by states, territories, or authorized tribes. These water points are on the CWA 303(d) list and are required to develop a total maximum daily load (TMDL). This set of water points are provided by the Assessment, Total Maximum Daily Load Tracking and Implementation System (ATTAINS).",,
Water,,Impaired Streams,"The Impaired Streams layer includes streams that are too polluted or otherwise degraded to meet the water quality standards set by states, territories, or authorized tribes. These streams are on the CWA 303(d) list and are required to develop a total maximum daily load (TMDL). These stream segments are provided by the Assessment, Total Maximum Daily Load Tracking and Implementation System (ATTAINS).",,
Water,,Impaired Water Bodies,"The Impaired Water Bodies layer includes bodies of water that are too polluted or otherwise degraded to meet the water quality standards set by states, territories, or authorized tribes. These water bodies are on the CWA 303(d) list and are required to develop a total maximum daily load (TMDL). This set of water areas are provided by the Assessment, Total Maximum Daily Load Tracking and Implementation System (ATTAINS).",,
Water,,Impaired Catchment,"The Impaired Catchment layer includes catchment assessment units that are too polluted or otherwise degraded to meet the water quality standards set by states, territories, or authorized tribes. These water bodies are on the CWA 303(d) list and are required to develop a total maximum daily load (TMDL). This set of water areas are provided by the Assessment, Total Maximum Daily Load Tracking and Implementation System (ATTAINS).",,
Water,,Streams,The Streams layer includes linear surface water features throughout the United States. The streams layer is based on the National Hydrography Dataset (NHD).,,
Water,,Water Bodies,"The Water Bodies layer includes area surface features such as ponds, lakes and wide rivers. The water bodies layer is from U.S. Census Bureau TIGER/Line data.",,
Water,,Sole Source Aquifers,"The Sole Source Aquifer layer includes information on the sole source aquifers (SSA) designated by EPA under section 1424(e) of the Safe Drinking Water Act of 1974. SSA's supply at least 50 percent of the drinking water consumed in the area overlying the aquifer. These areas may have no alternative drinking water source(s) that could physically, legally and economically supply all those who depend on the aquifer for drinking water.",,
Water,,Private Water Wells,"Approximately 20% of people in the US get their water from a private domestic well. These water sources are exempt from federal regulations and often go untested for contaminates such as nitrates, nitrites, and e-coli to name just a few. These map layers developed by the US EPA describe 2020 estimated private domestic drinking water wells by percent population served. Data is at the Census block geography.",,
Water,,Drinking Water Service Areas,"Community water system (CWS) service areas describe the geographic area that a water system serves. This map layer describes the geographic extent of over 44,000 community water system service areas, and accounts for around 99% of all people served by a community water system. Approximately 40% of these system's service areas were gathered from state sources. The remaining service areas were modeled using various explanatory variables, such as housing unit density.",,
TribeIndigenousLands,,Central Council of the Tlingit & Haida Indian Tribes,Central Council of the Tlingit and Haida Indian Tribes (Juneau),,
TribeIndigenousLands,,King Salmon Tribe,King Salmon Tribe,,
TribeIndigenousLands,,Native Village of Unga,"Unga, Native Village of",,
TribeIndigenousLands,,Native Village of Georgetown,"Georgetown, Native Village of",,
TribeIndigenousLands,,Native Village of Afognak,"Afognak, Village of",,
TribeIndigenousLands,,Pauloff Harbor Village,Pauloff Harbor Village,,
TribeIndigenousLands,,Native Village of Paimiut,"Paimiut, Native Village of",,
TribeIndigenousLands,,Kaguyak Village,Kaguyak Village,,
TribeIndigenousLands,,Tangirnaq Native Village,Tangirnaq Native Village,,
TribeIndigenousLands,,Native Village of Hamilton,"Hamilton, Native Village of",,
TribeIndigenousLands,,Chuloonawick Native Village,Chuloonawick Native Village,,
TribeIndigenousLands,,Umkumiut Native Village,Umkumiute Native Village (Umkimute),,
TribeIndigenousLands,,Native Village of Mary's Igloo,"Marys Igloo, Native Village of",,
TribeIndigenousLands,,Village of Ohogamiut,"Ohogamiut, Village of",,
TribeIndigenousLands,,Village of Bill Moore's Slough,"Bill Moores Slough, Village of",,
TribeIndigenousLands,,Qawalangin Tribe of Unalaska,Qawalangin Tribe of Unalaska,,
TribeIndigenousLands,,Iqugmiut Traditional Council,Iqurmuit Traditional Council (Russian Mission),,
TribeIndigenousLands,,Native Village of Ouzinkie,"Ouzinkie, Native Village of",,
TribeIndigenousLands,,Village of Chefornak,"Chefornak, Village of",,
TribeIndigenousLands,,Organized Village of Grayling (aka Holikachuk),"Grayling, Organized Village of (Holikachuk)",,
TribeIndigenousLands,,Asa'carsarmiut Tribe,Asacarsarmiut Tribe (Mountain Village),,
TribeIndigenousLands,,Manokotak Village,Manokotak Village,,
TribeIndigenousLands,,Native Village of Port Heiden,"Port Heiden, Native Village of",,
TribeIndigenousLands,,Native Village of Savoonga,"Savoonga, Native Village of",,
TribeIndigenousLands,,Native Village of Shaktoolik,"Shaktoolik, Native Village of",,
TribeIndigenousLands,,Native Village of Diomede (aka Inalik),"Diomede, Native Village of (Inalik)",,
TribeIndigenousLands,,Native Village of False Pass,"False Pass, Native Village of",,
TribeIndigenousLands,,Agdaagux Tribe of King Cove,Agdaagux Tribe of King Cove,,
TribeIndigenousLands,,Native Village of Akutan,"Akutan, Native Village of",,
TribeIndigenousLands,,Native Village of Atka,"Atka, Native Village of",,
TribeIndigenousLands,,"Native Village of Chuathbaluk (Russian Mission, Kuskokwim)","Chuathbaluk, Native Village of",,
TribeIndigenousLands,,Ivanof Bay Tribe,Ivanoff Bay Village,,
TribeIndigenousLands,,Native Village of Perryville,"Perryville, Native Village of",,
TribeIndigenousLands,,Native Village of Tetlin,"Tetlin, Native Village of",,
TribeIndigenousLands,,Native Village of Tuntutuliak,"Tuntutuliak, Native Village of",,
TribeIndigenousLands,,Native Village of Chignik Lagoon,"Chignik Lagoon, Native Village of",,
TribeIndigenousLands,,Chignik Lake Village,Chignik Lake Village,,
TribeIndigenousLands,,Native Village of Belkofski,"Belkofski, Native Village of",,
TribeIndigenousLands,,Birch Creek Tribe,Birch Creek Tribe,,
TribeIndigenousLands,,Kokhanok Village,Kokhanok Village,,
TribeIndigenousLands,,Pedro Bay Village,Pedro Bay Village,,
TribeIndigenousLands,,Native Village of Kongiganak,"Kongiganak, Native Village of",,
TribeIndigenousLands,,Native Village of Minto,"Minto, Native Village of",,
TribeIndigenousLands,,Healy Lake Village,Healy Lake Village,,
TribeIndigenousLands,,Village of Dot Lake,"Dot Lake, Village of",,
TribeIndigenousLands,,Mentasta Traditional Council,Mentasta Traditional Council,,
TribeIndigenousLands,,Portage Creek Village (aka Ohgsenakale),Portage Creek Village (Ohgsenakale),,
TribeIndigenousLands,,Native Village of Ekuk,"Ekuk, Native Village of",,
TribeIndigenousLands,,Native Village of Nanwalek (aka English Bay),"Nanwalek, Native Village of (English Bay)",,
TribeIndigenousLands,,Salamatof Tribe,Salamatof Tribe,,
TribeIndigenousLands,,Oscarville Traditional Village,Oscarville Traditional Village,,
TribeIndigenousLands,,Village of Atmautluak,"Atmautluak, Village of",,
TribeIndigenousLands,,Native Village of Tazlina,"Tazlina, Native Village of",,
TribeIndigenousLands,,Native Village of Chenega (aka Chanega),"Chanega, Native Village of (Chenega)",,
TribeIndigenousLands,,Native Village of Nelson Lagoon,"Nelson Lagoon, Native Village of",,
TribeIndigenousLands,,Alatna Village,Alatna Village,,
TribeIndigenousLands,,King Island Native Community,King Island Native Community,,
TribeIndigenousLands,,Native Village of Karluk,"Karluk, Native Village of",,
TribeIndigenousLands,,Chalkyitsik Village,Chalkyitsik Village,,
TribeIndigenousLands,,Native Village of Cantwell,"Cantwell, Native Village of",,
TribeIndigenousLands,,Knik Tribe,Knik Tribe,,
TribeIndigenousLands,,Chickaloon Native Village,Chickaloon Native Village,,
TribeIndigenousLands,,Eklutna Native Village,Eklutna Native Village,,
TribeIndigenousLands,,Native Village of Chitina,"Chitina, Native Village of",,
TribeIndigenousLands,,Gulkana Village Council,Gulkana Village Council,,
TribeIndigenousLands,,Native Village of Gakona,"Gakona, Native Village of",,
TribeIndigenousLands,,Cheesh-Na Tribe,Cheesh-Na Tribe (Chistochina),,
TribeIndigenousLands,,Yakutat Tlingit Tribe,Yakutat Tlingit Tribe,,
TribeIndigenousLands,,Skagway Village,Skagway Village,,
TribeIndigenousLands,,Hoonah Indian Association,Hoonah Indian Association,,
TribeIndigenousLands,,Angoon Community Association,Angoon Community Association,,
TribeIndigenousLands,,Organized Village of Kake,"Kake, Organized Village of",,
TribeIndigenousLands,,Wrangell Cooperative Association,Wrangell Cooperative Association,,
TribeIndigenousLands,,Petersburg Indian Association,Petersburg Indian Association,,
TribeIndigenousLands,,Craig Tribal Association,Craig Community Association,,
TribeIndigenousLands,,Klawock Cooperative Association,Klawock Cooperative Association,,
TribeIndigenousLands,,Organized Village of Kasaan,"Kasaan, Organized Village of",,
TribeIndigenousLands,,Hydaburg Cooperative Association,Hydaburg Cooperative Association,,
TribeIndigenousLands,,Ketchikan Indian Community,Ketchikan Indian Community,,
TribeIndigenousLands,,Organized Village of Saxman,"Saxman, Organized Village of",,
TribeIndigenousLands,,Sitka Tribe of Alaska,Sitka Tribe of Alaska,,
TribeIndigenousLands,,Native Village of Eyak (Cordova),"Eyak, Native Village of (Cordova)",,
TribeIndigenousLands,,Native Village of Tatitlek,"Tatitlek, Native Village of",,
TribeIndigenousLands,,Seldovia Village Tribe,Seldovia Village Tribe,,
TribeIndigenousLands,,Native Village of Port Graham,"Port Graham, Native Village of",,
TribeIndigenousLands,,Ninilchik Village,Ninilchik Village,,
TribeIndigenousLands,,Native Village of Tyonek,"Tyonek, Native Village of",,
TribeIndigenousLands,,Native Village of Tanacross,"Tanacross, Native Village of",,
TribeIndigenousLands,,Northway Village,Northway Village,,
TribeIndigenousLands,,Native Village of Eagle,"Eagle, Native Village of",,
TribeIndigenousLands,,Nenana Native Association,Nenana Native Association,,
TribeIndigenousLands,,Native Village of Tanana,"Tanana, Native Village of",,
TribeIndigenousLands,,Manley Hot Springs Village,Manley Hot Springs Village,,
TribeIndigenousLands,,Rampart Village,Rampart Village,,
TribeIndigenousLands,,Circle Native Community,Circle Native Community,,
TribeIndigenousLands,,Native Village of Fort Yukon,"Fort Yukon, Native Village of",,
TribeIndigenousLands,,Native Village of Venetie Tribal Government (Arctic Village and Village of Venetie),Native Village of Venetie Tribal Government (Arctic Village and Village of Venetie),,
TribeIndigenousLands,,Beaver Village,Beaver Village,,
TribeIndigenousLands,,Native Village of Stevens,"Stevens, Native Village of",,
TribeIndigenousLands,,Village of Anaktuvuk Pass,"Anaktuvuk Pass, Village of",,
TribeIndigenousLands,,Evansville Village (aka Bettles Field),Evansville Village (Bettles Field),,
TribeIndigenousLands,,Allakaket Village,Allakaket Village,,
TribeIndigenousLands,,Native Village of Kobuk,"Kobuk, Native Village of",,
TribeIndigenousLands,,Native Village of Shungnak,"Shungnak, Native Village of",,
TribeIndigenousLands,,Native Village of Ambler,"Ambler, Native Village of",,
TribeIndigenousLands,,Native Village of Kotzebue,"Kotzebue, Native Village of",,
TribeIndigenousLands,,Native Village of Kiana,"Kiana, Native Village of",,
TribeIndigenousLands,,Noorvik Native Community,Noorvik Native Community,,
TribeIndigenousLands,,Native Village of Selawik,"Selawik, Native Village of",,
TribeIndigenousLands,,Native Village of Noatak,"Noatak, Native Village of",,
TribeIndigenousLands,,Native Village of Shishmaref,"Shishmaref, Native Village of",,
TribeIndigenousLands,,Native Village of Kivalina,"Kivalina, Native Village of",,
TribeIndigenousLands,,Village of Wainwright,"Wainwright, Village of",,
TribeIndigenousLands,,Native Village of Point Lay,"Point Lay, Native Village of",,
TribeIndigenousLands,,Native Village of Point Hope,"Point Hope, Native Village of",,
TribeIndigenousLands,,Native Village of Barrow Inupiat Traditional Government,"Barrow Inupiat Traditional Government, Native Village of",,
TribeIndigenousLands,,Native Village of Nuiqsut (aka Nooiksut),"Nuiqsut, Native Village of",,
TribeIndigenousLands,,Kaktovik Village (aka Barter Island),Kaktovik Village (Barter Island),,
TribeIndigenousLands,,Arctic Village (See Native Village of Venetie Tribal Government),Arctic Village (See Native Village of Venetie Tribal Government),,
TribeIndigenousLands,,Huslia Village,Huslia Village,,
TribeIndigenousLands,,Hughes Village,Hughes Village,,
TribeIndigenousLands,,Louden Tribe,Louden Tribe,,
TribeIndigenousLands,,Village of Kaltag,"Kaltag, Village of",,
TribeIndigenousLands,,Nulato Village,Nulato Village,,
TribeIndigenousLands,,Koyukuk Native Village,Koyukuk Native Village,,
TribeIndigenousLands,,Native Village of Ruby,"Ruby, Native Village of",,
TribeIndigenousLands,,Nome Eskimo Community,Nome Eskimo Community,,
TribeIndigenousLands,,Native Village of Elim,"Elim, Native Village of",,
TribeIndigenousLands,,Native Village of White Mountain,"White Mountain, Native Village of",,
TribeIndigenousLands,,Native Village of Koyuk,"Koyuk, Native Village of",,
TribeIndigenousLands,,Native Village of Buckland,"Buckland, Native Village of",,
TribeIndigenousLands,,Native Village of Teller,"Teller, Native Village of",,
TribeIndigenousLands,,Native Village of Brevig Mission,"Brevig Mission, Native Village of",,
TribeIndigenousLands,,Native Village of Deering,"Deering, Native Village of",,
TribeIndigenousLands,,Village of Solomon,"Solomon, Village of",,
TribeIndigenousLands,,Native Village of Council,"Council, Native Village of",,
TribeIndigenousLands,,Native Village of Wales,"Wales, Native Village of",,
TribeIndigenousLands,,Native Village of Gambell,"Gambell, Native Village of",,
TribeIndigenousLands,,Algaaciq Native Village (St. Mary's),Algaaciq Native Village (St. Marys),,
TribeIndigenousLands,,Native Village of Scammon Bay,"Scammon Bay, Native Village of",,
TribeIndigenousLands,,Native Village of Hooper Bay,"Hooper Bay, Native Village of",,
TribeIndigenousLands,,Native Village of Nunam Iqua,Native Village of Nunam Iqua,,
TribeIndigenousLands,,Village of Alakanuk,"Alakanuk, Village of",,
TribeIndigenousLands,,Emmonak Village,Emmonak Village,,
TribeIndigenousLands,,Stebbins Community Association,Stebbins Community Association,,
TribeIndigenousLands,,Native Village of Saint Michael,"Saint Michael, Native Village of",,
TribeIndigenousLands,,Village of Kotlik,"Kotlik, Village of",,
TribeIndigenousLands,,Chevak Native Village,Chevak Native Village,,
TribeIndigenousLands,,Native Village of Marshall (aka Fortuna Ledge),"Marshall, Native Village of (Fortuna Ledge)",,
TribeIndigenousLands,,Holy Cross Tribe,Holy Cross Tribel,,
TribeIndigenousLands,,Shageluk Native Village,Shageluk Native Village,,
TribeIndigenousLands,,Anvik Village,Anvik Village,,
TribeIndigenousLands,,Village of Aniak,"Aniak, Village of",,
TribeIndigenousLands,,Native Village of Napaimute,"Napaimute, Native Village of",,
TribeIndigenousLands,,Village of Crooked Creek,"Crooked Creek, Village of",,
TribeIndigenousLands,,Village of Sleetmute,"Sleetmute, Village of",,
TribeIndigenousLands,,Village of Stony River,"Stony River, Village of",,
TribeIndigenousLands,,Lime Village,Lime Village,,
TribeIndigenousLands,,Village of Red Devil,"Red Devil, Village of",,
TribeIndigenousLands,,Native Village of Unalakleet,"Unalakleet, Native Village of",,
TribeIndigenousLands,,McGrath Native Village,McGrath Native Village,,
TribeIndigenousLands,,Takotna Village,Takotna Village,,
TribeIndigenousLands,,Nikolai Village,Nikolai Village,,
TribeIndigenousLands,,Village of Clarks Point,"Clarks Point, Village of (Previously Clarks Point)",,
TribeIndigenousLands,,Nondalton Village,Nondalton Village,,
TribeIndigenousLands,,Native Village of Aleknagik,"Aleknagik, Native Village of",,
TribeIndigenousLands,,Native Village of Ekwok,Ekwok Village,,
TribeIndigenousLands,,New Stuyahok Village,New Stuyahok Village,,
TribeIndigenousLands,,Naknek Native Village,Naknek Native Village,,
TribeIndigenousLands,,New Koliganek Village Council,New Koliganek Village Council,,
TribeIndigenousLands,,Igiugig Village,Igiugig Village,,
TribeIndigenousLands,,Village of Iliamna,"Iliamna, Village of",,
TribeIndigenousLands,,Newhalen Village,Newhalen Village,,
TribeIndigenousLands,,Levelock Village,Levelock Village,,
TribeIndigenousLands,,South Naknek Village,South Naknek Village,,
TribeIndigenousLands,,Native Village of Goodnews Bay,"Goodnews Bay, Native Village of",,
TribeIndigenousLands,,Platinum Traditional Village,Platinum Traditional Village,,
TribeIndigenousLands,,Traditional Village of Togiak,"Togiak, Traditional Village of",,
TribeIndigenousLands,,Native Village of Eek,"Eek, Native Village of",,
TribeIndigenousLands,,Twin Hills Village,Twin Hills Village,,
TribeIndigenousLands,,Native Village of Kwigillingok,"Kwigillingok, Native Village of",,
TribeIndigenousLands,,Native Village of Mekoryuk,"Mekoryuk, Native Village of",,
TribeIndigenousLands,,Native Village of Tununak,"Tununak, Native Village of",,
TribeIndigenousLands,,Nunakauyarmiut Tribe,Nunakauyarmiut Tribe (Toksook Bay),,
TribeIndigenousLands,,Native Village of Nightmute,"Nightmute, Native Village of",,
TribeIndigenousLands,,Newtok Village,Newtok Village,,
TribeIndigenousLands,,Native Village of Kipnuk,"Kipnuk, Native Village of",,
TribeIndigenousLands,,Orutsararmiut Traditional Native Council,Orutsararmuit Native Village (Bethel),,
TribeIndigenousLands,,Tuluksak Native Community,Tuluksak Native Community,,
TribeIndigenousLands,,Native Village of Napakiak,"Napakiak, Native Village of",,
TribeIndigenousLands,,Native Village of Napaskiak,"Napaskiak, Native Village of",,
TribeIndigenousLands,,Organized Village of Kwethluk,"Kwethluk, Organized Village of",,
TribeIndigenousLands,,Akiak Native Community,Akiak Native Community,,
TribeIndigenousLands,,Akiachak Native Community,Akiachak Native Community,,
TribeIndigenousLands,,Native Village of Nunapitchuk,"Nunapitchuk, Native Village of",,
TribeIndigenousLands,,Kasigluk Traditional Elders Council,"Kasigluk, Native Village of",,
TribeIndigenousLands,,Native Village of Akhiok,"Akhiok, Native Village of",,
TribeIndigenousLands,,Native Village of Port Lions,"Port Lions, Native Village of",,
TribeIndigenousLands,,Alutiiq Tribe of Old Harbor,"Old Harbor, Village of",,
TribeIndigenousLands,,Native Village of Larsen Bay,"Larsen Bay, Native Village of",,
TribeIndigenousLands,,Chignik Bay Tribal Council,Chignik Bay Tribal Council,,
TribeIndigenousLands,,Egegik Village,Egegik Village,,
TribeIndigenousLands,,Native Village of Pilot Point,"Pilot Point, Native Village of",,
TribeIndigenousLands,,Ugashik Village,Ugashik Village,,
TribeIndigenousLands,,Qagan Tayagungin Tribe of Sand Point,Qagan Tayagungin Tribe of Sand Point,,
TribeIndigenousLands,,Native Village of Nikolski,"Nikolski, Native Village of",,
TribeIndigenousLands,,Telida Village,Telida Village,,
TribeIndigenousLands,,Douglas Indian Association,Douglas Indian Association,,
TribeIndigenousLands,,Native Village of Atqasuk,Native Village of Atqasuk,,
TribeIndigenousLands,,Chilkat Indian Village (Klukwan),Chilkat Indian Village (Klukwan),,
TribeIndigenousLands,,Chilkoot Indian Association (Haines),Chilkoot Indian Association (Haines),,
TribeIndigenousLands,,Chinik Eskimo Community (Golovin),Chinik Eskimo Community (Golovin),,
TribeIndigenousLands,,Curyung Tribal Council,Curyung Tribal Council (Dillingham),,
TribeIndigenousLands,,Village of Lower Kalskag,"Lower Kalskag, Village of",,
TribeIndigenousLands,,Village of Kalskag,"Kalskag, Village of (Upper)",,
TribeIndigenousLands,,Kenaitze Indian Tribe,Kenaitze Indian Tribe (Kenai),,
TribeIndigenousLands,,Native Village of Kluti Kaah (aka Copper Center),"Kluti Kaah, Native Village of (Copper Center - Previously Kluti-Kaah)",,
TribeIndigenousLands,,Native Village of Kwinhagak (aka Quinhagak),"Kwinhagak, Native Village of",,
TribeIndigenousLands,,Pilot Station Traditional Village,Pilot Station Traditional Village,,
TribeIndigenousLands,,Pitka's Point Traditional Council,Pitka's Point Traditional Council,,
TribeIndigenousLands,,Saint George Island (See Pribilof Islands Aleut Communities of St. Paul & St. George Islands),Saint George Island (See Pribilof Islands Aleut Communities of St. Paul & St. George Islands),,
TribeIndigenousLands,,Native Village of Kanatak,"Kanatak, Native Village of (Included In Egegik)",,
TribeIndigenousLands,,Yupiit of Andreafski,"Andreafski, Yupiit of",,
TribeIndigenousLands,,Saint Paul Island (See Pribilof Islands Aleut Communities of St. Paul & St. George Islands),Saint Paul Island (See Pribilof Islands Aleut Communities of St. Paul & St. George Islands),,
TribeIndigenousLands,,Sun'aq Tribe of Kodiak,Sun'aq Tribe of Kodiak,,
TribeIndigenousLands,,Inupiat Community of the Arctic Slope,Inupiat Community of the Arctic Slope,,
TribeIndigenousLands,,Village of Venetie (See Native Village of Venetie Tribal Government),Village of Venetie (See Native Village of Venetie Tribal Government),,
TribeIndigenousLands,Fort Berthold,"Three Affiliated Tribes of the Fort Berthold Reservation, North Dakota",Fort Berthold Reservation,,
TribeIndigenousLands,San Carlos,"San Carlos Apache Tribe of the San Carlos Reservation, Arizona",San Carlos Reservation,,
TribeIndigenousLands,Shoalwater Bay,Shoalwater Bay Indian Tribe of the Shoalwater Bay Indian Reservation,Shoalwater Bay Indian Reservation,,
TribeIndigenousLands,Resighini,Pulikla Tribe of Yurok People,Resighini Rancheria,,
TribeIndigenousLands,Summit Lake,Summit Lake Paiute Tribe of Nevada,Summit Lake Reservation,,
TribeIndigenousLands,Immokalee,Seminole Tribe of Florida,Immokalee Reservation,,
TribeIndigenousLands,Lummi,Lummi Tribe of the Lummi Reservation,Lummi Reservation,,
TribeIndigenousLands,Pascua Pueblo Yaqui,Pascua Yaqui Tribe of Arizona,Pascua Pueblo Yaqui Reservation,,
TribeIndigenousLands,Klamath,Klamath Tribes,Klamath Reservation,,
TribeIndigenousLands,Dry Creek,"Dry Creek Rancheria Band of Pomo Indians, California",Dry Creek Rancheria,,
TribeIndigenousLands,Fallon Paiute-Shoshone,"Paiute-Shoshone Tribe of the Fallon Reservation and Colony, Nevada",Fallon Paiute-Shoshone Colony,,
TribeIndigenousLands,Jena Band of Choctaw,Jena Band of Choctaw Indians,Jena Band of Choctaw Reservation,,
TribeIndigenousLands,Pokagon,"Pokagon Band of Potawatomi Indians, Michigan and Indiana",Pokagon Reservation,,
TribeIndigenousLands,Benton Paiute,"Utu Utu Gwaitu Paiute Tribe of the Benton Paiute Reservation, California",Benton Paiute Reservation,,
TribeIndigenousLands,Burns Paiute,Burns Paiute Tribe,Burns Paiute Indian Colony,,
TribeIndigenousLands,Campbell,"Yerington Paiute Tribe of the Yerington Colony & Campbell Ranch, Nevada",Campbell Ranch,,
TribeIndigenousLands,Soboba,"Soboba Band of Luiseno Indians, California",Soboba Reservation,,
TribeIndigenousLands,Kickapoo (KS) Reservation/Sac and Fox Nation Trust Land,Kickapoo Tribe of Indians of the Kickapoo Reservation in Kansas,Kickapoo (KS) Reservation/Sac and Fox Nation Trust Land joint-use area,,
TribeIndigenousLands,Spokane,Spokane Tribe of the Spokane Reservation,Spokane Reservation,,
TribeIndigenousLands,Cow Creek,Cow Creek Band of Umpqua Tribe of Indians,Cow Creek Reservation,,
TribeIndigenousLands,Skokomish,Skokomish Indian Tribe,Skokomish Reservation,,
TribeIndigenousLands,Sycuan,Sycuan Band of the Kumeyaay Nation,Sycuan Reservation,,
TribeIndigenousLands,Roaring Creek,"Pit River Tribe, California (includes XL Ranch, Big Bend, Likely, Lookout, Montgomery Creek, and Roaring Creek Rancherias)",Roaring Creek Rancheria,,
TribeIndigenousLands,Mescalero,"Mescalero Apache Tribe of the Mescalero Reservation, New Mexico",Mescalero Reservation,,
TribeIndigenousLands,Hannahville,"Hannahville Indian Community, Michigan",Hannahville Indian Community,,
TribeIndigenousLands,Picayune,Picayune Rancheria of Chukchansi Indians of California,Picayune Rancheria,,
TribeIndigenousLands,Smith River,Tolowa Dee-ni' Nation,Smith River Rancheria,,
TribeIndigenousLands,Blackfeet,Blackfeet Tribe of the Blackfeet Indian Reservation of Montana,Blackfeet Indian Reservation,,
TribeIndigenousLands,Fort McDermitt,"Fort McDermitt Paiute and Shoshone Tribes of the Fort McDermitt Indian Reservation, Nevada and Oregon",Fort McDermitt Indian Reservation,,
TribeIndigenousLands,Colville,Confederated Tribes of the Colville Reservation,Colville Reservation,,
TribeIndigenousLands,Chehalis,Confederated Tribes of the Chehalis Reservation,Chehalis Reservation,,
TribeIndigenousLands,Little Traverse Bay,"Little Traverse Bay Bands of Odawa Indians, Michigan",Little Traverse Bay Reservation,,
TribeIndigenousLands,San Felipe Pueblo/Santa Ana Pueblo,"Pueblo of San Felipe, New Mexico",San Felipe Pueblo/Santa Ana Pueblo joint-use area,,
TribeIndigenousLands,San Felipe Pueblo/Santa Ana Pueblo,"Pueblo of Santa Ana, New Mexico",San Felipe Pueblo/Santa Ana Pueblo joint-use area,,
TribeIndigenousLands,Swinomish,Swinomish Indian Tribal Community,Swinomish Reservation,,
TribeIndigenousLands,Tulalip,Tulalip Tribes of Washington,Tulalip Reservation,,
TribeIndigenousLands,Penobscot,Penobscot Nation,Penobscot Reservation,,
TribeIndigenousLands,Muckleshoot,Muckleshoot Indian Tribe,Muckleshoot Reservation,,
TribeIndigenousLands,Cowlitz,Cowlitz Indian Tribe,Cowlitz Reservation,,
TribeIndigenousLands,Sac and Fox/Meskwaki,Sac & Fox Tribe of the Mississippi in Iowa,Sac and Fox/Meskwaki Settlement,,
TribeIndigenousLands,Skull Valley,Skull Valley Band of Goshute Indians of Utah,Skull Valley Reservation,,
TribeIndigenousLands,Redwood Valley,Redwood Valley or Little River Band of Pomo Indians of the Redwood Valley Rancheria California,Redwood Valley Rancheria,,
TribeIndigenousLands,Menominee,Menominee Indian Tribe of Wisconsin,Menominee Reservation,,
TribeIndigenousLands,Northern Cheyenne,"Northern Cheyenne Tribe of the Northern Cheyenne Indian Reservation, Montana",Northern Cheyenne Indian Reservation,,
TribeIndigenousLands,Pauma and Yuima,"Pauma Band of Luiseno Mission Indians of the Pauma & Yuima Reservation, California",Pauma and Yuima Reservation,,
TribeIndigenousLands,Fort Pierce,Seminole Tribe of Florida,Fort Pierce Reservation,,
TribeIndigenousLands,Bridgeport,Bridgeport Indian Colony,Bridgeport Reservation,,
TribeIndigenousLands,Jackson,Jackson Band of Miwuk Indians,Jackson Rancheria,,
TribeIndigenousLands,Ontonagon,"Keweenaw Bay Indian Community, Michigan",Ontonagon Reservation,,
TribeIndigenousLands,Morongo,"Morongo Band of Mission Indians, California",Morongo Reservation,,
TribeIndigenousLands,Yurok,"Yurok Tribe of the Yurok Reservation, California",Yurok Reservation,,
TribeIndigenousLands,Eastern Cherokee,Eastern Band of Cherokee Indians,Eastern Cherokee Reservation,,
TribeIndigenousLands,Cabazon,Cabazon Band of Cahuilla Indians,Cabazon Reservation,,
TribeIndigenousLands,Tonawanda,Tonawanda Band of Seneca,Tonawanda Reservation,,
TribeIndigenousLands,Houlton Maliseet,Houlton Band of Maliseet Indians,Houlton Maliseet Reservation,,
TribeIndigenousLands,Coeur d'Alene,Coeur D'Alene Tribe,Coeur d'Alene Reservation,,
TribeIndigenousLands,Siletz,Confederated Tribes of Siletz Indians of Oregon,Siletz Reservation,,
TribeIndigenousLands,Santa Ynez,"Santa Ynez Band of Chumash Mission Indians of the Santa Ynez Reservation, California",Santa Ynez Reservation,,
TribeIndigenousLands,Southern Ute,"Southern Ute Indian Tribe of the Southern Ute Reservation, Colorado",Southern Ute Reservation,,
TribeIndigenousLands,Ramona,"Ramona Band of Cahuilla, California",Ramona Village,,
TribeIndigenousLands,Puyallup,Puyallup Tribe of the Puyallup Reservation,Puyallup Reservation,,
TribeIndigenousLands,Isabella,Saginaw Chippewa Indian Tribe of Michigan,Isabella Reservation,,
TribeIndigenousLands,Kickapoo (TX),Kickapoo Traditional Tribe of Texas,Kickapoo (TX) Reservation,,
TribeIndigenousLands,Tunica-Biloxi,Tunica-Biloxi Indian Tribe,Tunica-Biloxi Reservation,,
TribeIndigenousLands,Alabama-Coushatta,Alabama-Coushatta Tribe of Texas,Alabama-Coushatta Reservation,,
TribeIndigenousLands,Los Coyotes,"Los Coyotes Band of Cahuilla and Cupeno Indians, California",Los Coyotes Reservation,,
TribeIndigenousLands,Cold Springs,Cold Springs Rancheria of Mono Indians of California,Cold Springs Rancheria,,
TribeIndigenousLands,Manzanita,"Manzanita Band of Diegueno Mission Indians of the Manzanita Reservation, California",Manzanita Reservation,,
TribeIndigenousLands,Crow,Crow Tribe of Montana,Crow Reservation,,
TribeIndigenousLands,Augustine,"Augustine Band of Cahuilla Indians, California",Augustine Reservation,,
TribeIndigenousLands,Greenville,Greenville Rancheria,Greenville Rancheria,,
TribeIndigenousLands,Stockbridge Munsee,"Stockbridge Munsee Community, Wisconsin",Stockbridge Munsee Community,,
TribeIndigenousLands,Sokaogon Chippewa,"Sokaogon Chippewa Community, Wisconsin",Sokaogon Chippewa Community,,
TribeIndigenousLands,La Posta,"La Posta Band of Diegueno Mission Indians of the La Posta Indian Reservation, California",La Posta Indian Reservation,,
TribeIndigenousLands,Iowa (KS-NE),Iowa Tribe of Kansas and Nebraska,Iowa (KS-NE) Reservation,,
TribeIndigenousLands,Standing Rock,Standing Rock Sioux Tribe of North & South Dakota,Standing Rock Reservation,,
TribeIndigenousLands,Warm Springs,Confederated Tribes of the Warm Springs Reservation of Oregon,Warm Springs Reservation,,
TribeIndigenousLands,Sandia,"Pueblo of Sandia, New Mexico",Sandia Pueblo,,
TribeIndigenousLands,Winnemucca,Winnemucca Indian Colony of Nevada,Winnemucca Indian Colony,,
TribeIndigenousLands,Enterprise,Enterprise Rancheria of Maidu Indians of California,Enterprise Rancheria,,
TribeIndigenousLands,Mississippi Choctaw,Mississippi Band of Choctaw Indians,Mississippi Choctaw Reservation,,
TribeIndigenousLands,Rumsey,"Yocha Dehe Wintun Nation, California",Rumsey Indian Rancheria,,
TribeIndigenousLands,Chemehuevi,"Chemehuevi Indian Tribe of the Chemehuevi Reservation, California",Chemehuevi Reservation,,
TribeIndigenousLands,Fort McDowell Yavapai Nation,"Fort McDowell Yavapai Nation, Arizona",Fort McDowell Yavapai Nation Reservation,,
TribeIndigenousLands,Leech Lake,"Minnesota Chippewa Tribe, Minnesota (Leech Lake Band)",Leech Lake Reservation,,
TribeIndigenousLands,Turtle Mountain,Turtle Mountain Band of Chippewa Indians of North Dakota,Turtle Mountain Reservation,,
TribeIndigenousLands,Coushatta,Coushatta Tribe of Louisiana,Coushatta Reservation,,
TribeIndigenousLands,Barona,"Capitan Grande Band of Diegueno Mission Indians of California: Barona Group of Capitan Grande Band of Mission Indians of the Barona Reservation, California",Barona Reservation,,
TribeIndigenousLands,Bad River,"Bad River Band of the Lake Superior Tribe of Chippewa Indians of the Bad River Reservation, Wisconsin",Bad River Reservation,,
TribeIndigenousLands,Spirit Lake,"Spirit Lake Tribe, North Dakota",Spirit Lake Reservation,,
TribeIndigenousLands,Yavapai-Apache Nation,"Yavapai-Apache Nation of the Camp Verde Indian Reservation, Arizona",Yavapai-Apache Nation Reservation,,
TribeIndigenousLands,Upper Skagit,Upper Skagit Indian Tribe,Upper Skagit Reservation,,
TribeIndigenousLands,Mohegan,Mohegan Tribe of Indians of Connecticut,Mohegan Reservation,,
TribeIndigenousLands,Oil Springs,Seneca Nation of Indians,Oil Springs Reservation,,
TribeIndigenousLands,South Fork,Te-Moak Tribe of Western Shoshone Indians of Nevada (South Fork Band),South Fork Reservation,,
TribeIndigenousLands,Inaja and Cosmit,"Inaja Band of Diegueno Mission Indians of the Inaja and Cosmit Reservation, California",Inaja and Cosmit Reservation,,
TribeIndigenousLands,Santa Rosa,"Santa Rosa Band of Cahuilla Indians, California",Santa Rosa Reservation,,
TribeIndigenousLands,Berry Creek,Berry Creek Rancheria of Maidu Indians of California,Berry Creek Rancheria,,
TribeIndigenousLands,Las Vegas,"Las Vegas Tribe of Paiute Indians of the Las Vegas Indian Colony, Nevada",Las Vegas Indian Colony,,
TribeIndigenousLands,Tonto Apache,Tonto Apache Tribe of Arizona,Tonto Apache Reservation,,
TribeIndigenousLands,Wells,Te-Moak Tribe of Western Shoshone Indians of Nevada (Wells Band),Wells Colony,,
TribeIndigenousLands,Tuolumne,Tuolumne Band of Me-Wuk Indians of the Tuolumne Rancheria of California,Tuolumne Rancheria,,
TribeIndigenousLands,Shingle Springs,"Shingle Springs Band of Miwok Indians, Shingle Springs Rancheria (Verona Tract), California",Shingle Springs Rancheria,,
TribeIndigenousLands,Ohkay Owingeh,"Ohkay Owingeh, New Mexico",Ohkay Owingeh,,
TribeIndigenousLands,Upper Sioux,"Upper Sioux Community, Minnesota",Upper Sioux Community,,
TribeIndigenousLands,Little River,"Little River Band of Ottawa Indians, Michigan",Little River Reservation,,
TribeIndigenousLands,Mesa Grande,"Mesa Grande Band of Diegueno Mission Indians of the Mesa Grande Reservation, California",Mesa Grande Reservation,,
TribeIndigenousLands,Cheyenne River,"Cheyenne River Sioux Tribe of the Cheyenne River Reservation, South Dakota",Cheyenne River Reservation,,
TribeIndigenousLands,Cortina,Kletsel Dehe Wintun Nation of the Cortina Rancheria,Cortina Indian Rancheria,,
TribeIndigenousLands,Table Bluff,"Wiyot Tribe, California",Table Bluff Reservation,,
TribeIndigenousLands,Grand Traverse,"Grand Traverse Band of Ottawa and Chippewa Indians, Michigan",Grand Traverse Reservation,,
TribeIndigenousLands,Pleasant Point,Passamaquoddy Tribe of Maine (Pleasant Point),Pleasant Point Reservation,,
TribeIndigenousLands,Flathead,Confederated Salish and Kootenai Tribes of the Flathead Reservation,Flathead Reservation,,
TribeIndigenousLands,Lytton,Lytton Rancheria of California,Lytton Rancheria,,
TribeIndigenousLands,Gila River,"Gila River Indian Community of the Gila River Indian Reservation, Arizona",Gila River Indian Reservation,,
TribeIndigenousLands,San Pasqual,San Pasqual Band of Diegueno Mission Indians of California,San Pasqual Reservation,,
TribeIndigenousLands,Santa Ana,"Pueblo of Santa Ana, New Mexico",Santa Ana Pueblo,,
TribeIndigenousLands,Crow Creek,"Crow Creek Sioux Tribe of the Crow Creek Reservation, South Dakota",Crow Creek Reservation,,
TribeIndigenousLands,Red Lake,"Red Lake Band of Chippewa Indians, Minnesota",Red Lake Reservation,,
TribeIndigenousLands,Fort Yuma,"Quechan Tribe of the Fort Yuma Indian Reservation, California & Arizona",Fort Yuma Indian Reservation,,
TribeIndigenousLands,Fort Mojave,"Fort Mojave Indian Tribe of Arizona, California & Nevada",Fort Mojave Reservation,,
TribeIndigenousLands,Montgomery Creek,"Pit River Tribe, California (includes XL Ranch, Big Bend, Likely, Lookout, Montgomery Creek, and Roaring Creek Rancherias)",Montgomery Creek Rancheria,,
TribeIndigenousLands,Cochiti,"Pueblo of Cochiti, New Mexico",Pueblo de Cochiti,,
TribeIndigenousLands,Nez Perce,Nez Perce Tribe,Nez Perce Reservation,,
TribeIndigenousLands,Pechanga,Pechanga Band of Indians,Pechanga Reservation,,
TribeIndigenousLands,Picuris,"Pueblo of Picuris, New Mexico",Picuris Pueblo,,
TribeIndigenousLands,Blue Lake,"Blue Lake Rancheria, California",Blue Lake Rancheria,,
TribeIndigenousLands,Taos,"Pueblo of Taos, New Mexico",Taos Pueblo,,
TribeIndigenousLands,Yerington,"Yerington Paiute Tribe of the Yerington Colony & Campbell Ranch, Nevada",Yerington Colony,,
TribeIndigenousLands,Jamestown S'Klallam,Jamestown S'Klallam Tribe,Jamestown S'Klallam Reservation,,
TribeIndigenousLands,Cattaraugus,Seneca Nation of Indians,Cattaraugus Reservation,,
TribeIndigenousLands,Hopland,"Hopland Band of Pomo Indians, California",Hopland Rancheria,,
TribeIndigenousLands,Snoqualmie,Snoqualmie Indian Tribe,Snoqualmie Reservation,,
TribeIndigenousLands,Lake Traverse,"Sisseton-Wahpeton Oyate of the Lake Traverse Reservation, South Dakota",Lake Traverse Reservation,,
TribeIndigenousLands,Kaibab,"Kaibab Band of Paiute Indians of the Kaibab Indian Reservation, Arizona",Kaibab Indian Reservation,,
TribeIndigenousLands,Ute Mountain,Ute Mountain Ute Tribe,Ute Mountain Reservation,,
TribeIndigenousLands,Zia,"Pueblo of Zia, New Mexico",Zia Pueblo,,
TribeIndigenousLands,Fond du Lac,"Minnesota Chippewa Tribe, Minnesota (Fond du Lac Band)",Fond du Lac Reservation,,
TribeIndigenousLands,Pyramid Lake Paiute,"Pyramid Lake Paiute Tribe of the Pyramid Lake Reservation, Nevada",Pyramid Lake Paiute Reservation,,
TribeIndigenousLands,Likely,"Pit River Tribe, California (includes XL Ranch, Big Bend, Likely, Lookout, Montgomery Creek, and Roaring Creek Rancherias)",Likely Rancheria,,
TribeIndigenousLands,Big Valley,"Big Valley Band of Pomo Indians of the Big Valley Rancheria, California",Big Valley Rancheria,,
TribeIndigenousLands,Upper Lake,"Habematolel Pomo of Upper Lake, California",Upper Lake Rancheria,,
TribeIndigenousLands,Lovelock,"Lovelock Paiute Tribe of the Lovelock Indian Colony, Nevada",Lovelock Indian Colony,,
TribeIndigenousLands,Yomba,"Yomba Shoshone Tribe of the Yomba Reservation, Nevada",Yomba Reservation,,
TribeIndigenousLands,Fort Peck,"Assiniboine and Sioux Tribes of the Fort Peck Indian Reservation, Montana",Fort Peck Indian Reservation,,
TribeIndigenousLands,Santee,"Santee Sioux Nation, Nebraska",Santee Reservation,,
TribeIndigenousLands,Tule River,"Tule River Indian Tribe of the Tule River Reservation, California",Tule River Reservation,,
TribeIndigenousLands,La Jolla,"La Jolla Band of Luiseno Indians, California",La Jolla Reservation,,
TribeIndigenousLands,San Felipe,"Pueblo of San Felipe, New Mexico",San Felipe Pueblo,,
TribeIndigenousLands,Flandreau,Flandreau Santee Sioux Tribe of South Dakota,Flandreau Reservation,,
TribeIndigenousLands,Laytonville,Cahto Tribe of the Laytonville Rancheria,Laytonville Rancheria,,
TribeIndigenousLands,Port Gamble,Port Gamble S'Klallam Tribe,Port Gamble Reservation,,
TribeIndigenousLands,Narragansett,Narragansett Indian Tribe,Narragansett Reservation,,
TribeIndigenousLands,Lookout,"Pit River Tribe, California (includes XL Ranch, Big Bend, Likely, Lookout, Montgomery Creek, and Roaring Creek Rancherias)",Lookout Rancheria,,
TribeIndigenousLands,Sulphur Bank,"Elem Indian Colony of Pomo Indians of the Sulphur Bank Rancheria, California",Sulphur Bank Rancheria,,
TribeIndigenousLands,Cocopah,Cocopah Tribe of Arizona,Cocopah Reservation,,
TribeIndigenousLands,Hualapai,"Hualapai Indian Tribe of the Hualapai Indian Reservation, Arizona",Hualapai Indian Reservation,,
TribeIndigenousLands,Shinnecock,Shinnecock Indian Nation,Shinnecock Reservation,,
TribeIndigenousLands,Big Pine,Big Pine Paiute Tribe of the Owens Valley,Big Pine Reservation,,
TribeIndigenousLands,St. Croix,St. Croix Chippewa Indians of Wisconsin,St. Croix Reservation,,
TribeIndigenousLands,White Earth,"Minnesota Chippewa Tribe, Minnesota (White Earth Band)",White Earth Reservation,,
TribeIndigenousLands,Duckwater,Duckwater Shoshone Tribe,Duckwater Reservation,,
TribeIndigenousLands,Cahuilla,Cahuilla Band of Indians,Cahuilla Reservation,,
TribeIndigenousLands,Allegany,Seneca Nation of Indians,Allegany Reservation,,
TribeIndigenousLands,San Manuel,Yuhaaviatam of San Manuel Nation,San Manuel Reservation,,
TribeIndigenousLands,Fort Sill Apache,Fort Sill Apache Tribe of Oklahoma,Fort Sill Apache Indian Reservation,,
TribeIndigenousLands,Guidiville,Guidiville Rancheria of California,Guidiville Rancheria,,
TribeIndigenousLands,"Coos, Lower Umpqua, and Siuslaw","Confederated Tribes of the Coos, Lower Umpqua and Siuslaw Indians","Coos, Lower Umpqua, and Siuslaw Reservation",,
TribeIndigenousLands,Lac du Flambeau,Lac du Flambeau Band of Lake Superior Chippewa Indians of the Lac du Flambeau Reservation of Wisconsin,Lac du Flambeau Reservation,,
TribeIndigenousLands,Forest County Potawatomi,"Forest County Potawatomi Community, Wisconsin",Forest County Potawatomi Community,,
TribeIndigenousLands,Laguna,"Pueblo of Laguna, New Mexico",Laguna Pueblo,,
TribeIndigenousLands,Colorado River,"Colorado River Indian Tribes of the Colorado River Indian Reservation, Arizona and California",Colorado River Indian Reservation,,
TribeIndigenousLands,Santa Ysabel,"Iipay Nation of Santa Ysabel, California",Santa Ysabel Reservation,,
TribeIndigenousLands,Chicken Ranch,Chicken Ranch Rancheria of Me-Wuk Indians of California,Chicken Ranch Rancheria,,
TribeIndigenousLands,San Ildefonso,"Pueblo of San Ildefonso, New Mexico",San Ildefonso Pueblo,,
TribeIndigenousLands,Lower Elwha,Lower Elwha Tribal Community,Lower Elwha Reservation,,
TribeIndigenousLands,Grindstone,Grindstone Indian Rancheria of Wintun-Wailaki Indians of California,Grindstone Indian Rancheria,,
TribeIndigenousLands,L'Anse,"Keweenaw Bay Indian Community, Michigan",L'Anse Reservation,,
TribeIndigenousLands,Ewiiaapaayp,"Ewiiaapaayp Band of Kumeyaay Indians, California",Ewiiaapaayp Reservation,,
TribeIndigenousLands,Carson,"Washoe Tribe of Nevada & California (Carson Colony, Dresslerville Colony, Woodfords Community, Stewart Community, & Washoe Ranches)",Carson Colony,,
TribeIndigenousLands,Catawba,Catawba Indian Nation,Catawba Reservation,,
TribeIndigenousLands,Yakama Nation,Confederated Tribes and Bands of the Yakama Nation,Yakama Nation Reservation,,
TribeIndigenousLands,Fort Apache,"White Mountain Apache Tribe of the Fort Apache Reservation, Arizona",Fort Apache Reservation,,
TribeIndigenousLands,Battle Mountain,Te-Moak Tribe of Western Shoshone Indians of Nevada (Battle Mountain Band),Battle Mountain Reservation,,
TribeIndigenousLands,Goshute,"Confederated Tribes of the Goshute Reservation, Nevada and Utah",Goshute Reservation,,
TribeIndigenousLands,Nambe,"Pueblo of Nambe, New Mexico",Nambe Pueblo,,
TribeIndigenousLands,North Fork,Northfork Rancheria of Mono Indians of California,North Fork Rancheria,,
TribeIndigenousLands,Kalispel,Kalispel Indian Community of the Kalispel Reservation,Kalispel Reservation,,
TribeIndigenousLands,Prairie Island,Prairie Island Indian Community in the State of Minnesota,Prairie Island Indian Community,,
TribeIndigenousLands,Santa Rosa,"Santa Rosa Indian Community of the Santa Rosa Rancheria, California",Santa Rosa Rancheria,,
TribeIndigenousLands,Capitan Grande,"Capitan Grande Band of Diegueno Mission Indians of California (Barona Group of Capitan Grande Band of Mission Indians of the Barona Reservation, California; Viejas (Baron Long) Group of Capitan Grande Band of Mission Indians of the Viejas Reservation, California)",Capitan Grande Reservation,,
TribeIndigenousLands,Red Cliff,Red Cliff Band of Lake Superior Chippewa Indians of Wisconsin,Red Cliff Reservation,,
TribeIndigenousLands,Brighton,Seminole Tribe of Florida,Brighton Reservation,,
TribeIndigenousLands,Squaxin Island,Squaxin Island Tribe of the Squaxin Island Reservation,Squaxin Island Reservation,,
TribeIndigenousLands,Quinault,Quinault Indian Nation,Quinault Reservation,,
TribeIndigenousLands,Hopi,Hopi Tribe of Arizona,Hopi Reservation,,
TribeIndigenousLands,Woodfords,"Washoe Tribe of Nevada & California (Carson Colony, Dresslerville Colony, Woodfords Community, Stewart Community, & Washoe Ranches)",Woodfords Community,,
TribeIndigenousLands,Bay Mills,"Bay Mills Indian Community, Michigan",Bay Mills Reservation,,
TribeIndigenousLands,Dresslerville,"Washoe Tribe of Nevada & California (Carson Colony, Dresslerville Colony, Woodfords Community, Stewart Community, & Washoe Ranches)",Dresslerville Colony,,
TribeIndigenousLands,Big Bend,"Pit River Tribe, California (includes XL Ranch, Big Bend, Likely, Lookout, Montgomery Creek, and Roaring Creek Rancherias)",Big Bend Rancheria,,
TribeIndigenousLands,Fallon Paiute-Shoshone,"Paiute-Shoshone Tribe of the Fallon Reservation and Colony, Nevada",Fallon Paiute-Shoshone Reservation,,
TribeIndigenousLands,Isleta,"Pueblo of Isleta, New Mexico",Isleta Pueblo,,
TribeIndigenousLands,Table Mountain,Table Mountain Rancheria,Table Mountain Rancheria,,
TribeIndigenousLands,San Felipe Pueblo/Santo Domingo Pueblo,"Pueblo of San Felipe, New Mexico",San Felipe Pueblo/Santo Domingo Pueblo joint-use area,,
TribeIndigenousLands,San Felipe Pueblo/Santo Domingo Pueblo,Santo Domingo Pueblo,San Felipe Pueblo/Santo Domingo Pueblo joint-use area,,
TribeIndigenousLands,Salt River,"Salt River Pima-Maricopa Indian Community of the Salt River Reservation, Arizona",Salt River Reservation,,
TribeIndigenousLands,St. Regis Mohawk,Saint Regis Mohawk Tribe,St. Regis Mohawk Reservation,,
TribeIndigenousLands,Colusa,"Cachil DeHe Band of Wintun Indians of the Colusa Indian Community of the Colusa Rancheria, California",Colusa Rancheria,,
TribeIndigenousLands,Ho-Chunk Nation,Ho-Chunk Nation of Wisconsin,Ho-Chunk Nation Reservation,,
TribeIndigenousLands,Torres-Martinez,"Torres Martinez Desert Cahuilla Indians, California",Torres-Martinez Reservation,,
TribeIndigenousLands,Yankton,Yankton Sioux Tribe of South Dakota,Yankton Reservation,,
TribeIndigenousLands,Robinson,Robinson Rancheria,Robinson Rancheria,,
TribeIndigenousLands,Wind River,"Northern Arapaho Tribe of the Wind River Reservation, Wyoming",Wind River Reservation,,
TribeIndigenousLands,Wind River,"Eastern Shoshone Tribe of the Wind River Reservation, Wyoming",Wind River Reservation,,
TribeIndigenousLands,Zuni,"Zuni Tribe of the Zuni Reservation, New Mexico",Zuni Reservation,,
TribeIndigenousLands,Campo,"Campo Band of Diegueno Mission Indians of the Campo Indian Reservation, California",Campo Indian Reservation,,
TribeIndigenousLands,Tuscarora Nation,Tuscarora Nation,Tuscarora Nation Reservation,,
TribeIndigenousLands,Rincon,"Rincon Band of Luiseno Mission Indians of Rincon Reservation, California",Rincon Reservation,,
TribeIndigenousLands,Grand Portage,"Minnesota Chippewa Tribe, Minnesota (Grand Portage Band)",Grand Portage Reservation,,
TribeIndigenousLands,Big Cypress,Seminole Tribe of Florida,Big Cypress Reservation,,
TribeIndigenousLands,Tesuque,"Pueblo of Tesuque, New Mexico",Tesuque Pueblo,,
TribeIndigenousLands,Moapa River,"Moapa Band of Paiute Indians of the Moapa River Indian Reservation, Nevada",Moapa River Indian Reservation,,
TribeIndigenousLands,Prairie Band of Potawatomi Nation,Prairie Band Potawatomi Nation,Prairie Band of Potawatomi Nation Reservation,,
TribeIndigenousLands,Manchester-Point Arena,"Manchester Band of Pomo Indians of the Manchester Rancheria, California",Manchester-Point Arena Rancheria,,
TribeIndigenousLands,Round Valley,"Round Valley Indian Tribes, Round Valley Reservation, California",Round Valley Reservation,,
TribeIndigenousLands,Viejas,"Capitan Grande Band of Diegueno Mission Indians of California: Viejas (Baron Long) Group of Capitan Grande Band of Mission Indians of the Viejas Reservation, California",Viejas Reservation,,
TribeIndigenousLands,Quartz Valley,Quartz Valley Indian Community of the Quartz Valley Reservation of California,Quartz Valley Reservation,,
TribeIndigenousLands,Trinidad,"Cher-Ae Heights Indian Community of the Trinidad Rancheria, California",Trinidad Rancheria,,
TribeIndigenousLands,Navajo Nation,"Navajo Nation, Arizona, New Mexico, & Utah",Navajo Nation Reservation,,
TribeIndigenousLands,Poarch Creek,Poarch Band of Creek Indians,Poarch Creek Reservation,,
TribeIndigenousLands,Grand Ronde,Confederated Tribes of the Grand Ronde Community of Oregon,Grand Ronde Community,,
TribeIndigenousLands,Winnebago,Winnebago Tribe of Nebraska,Winnebago Reservation,,
TribeIndigenousLands,Middletown,Middletown Rancheria of Pomo Indians of California,Middletown Rancheria,,
TribeIndigenousLands,Jamul,Jamul Indian Village of California,Jamul Indian Village,,
TribeIndigenousLands,Sault Ste. Marie,"Sault Ste. Marie Tribe of Chippewa Indians, Michigan",Sault Ste. Marie Reservation,,
TribeIndigenousLands,Lower Sioux,Lower Sioux Indian Community in the State of Minnesota,Lower Sioux Indian Community,,
TribeIndigenousLands,Umatilla,Confederated Tribes of the Umatilla Indian Reservation,Umatilla Reservation,,
TribeIndigenousLands,Rocky Boy's,"Chippewa Cree Indians of the Rocky Boy's Reservation, Montana",Rocky Boy's Reservation,,
TribeIndigenousLands,Port Madison,Suquamish Indian Tribe of the Port Madison Reservation,Port Madison Reservation,,
TribeIndigenousLands,Omaha,Omaha Tribe of Nebraska,Omaha Reservation,,
TribeIndigenousLands,Auburn,United Auburn Indian Community of the Auburn Rancheria of California,Auburn Rancheria,,
TribeIndigenousLands,Tohono O'odham Nation,Tohono O'odham Nation of Arizona,Tohono O'odham Nation Reservation,,
TribeIndigenousLands,Coyote Valley,Coyote Valley Band of Pomo Indians of California,Coyote Valley Reservation,,
TribeIndigenousLands,Ysleta del Sur,Ysleta del Sur Pueblo,Ysleta del Sur Pueblo,,
TribeIndigenousLands,Elko,Te-Moak Tribe of Western Shoshone Indians of Nevada (Elko Band),Elko Colony,,
TribeIndigenousLands,Havasupai,"Havasupai Tribe of the Havasupai Reservation, Arizona",Havasupai Reservation,,
TribeIndigenousLands,Miccosukee,Miccosukee Tribe of Indians,Miccosukee Reservation,,
TribeIndigenousLands,Stewart,"Washoe Tribe of Nevada & California (Carson Colony, Dresslerville Colony, Woodfords Community, Stewart Community, & Washoe Ranches)",Stewart Community,,
TribeIndigenousLands,Paiute (UT),"Paiute Indian Tribe of Utah (Cedar Band of Paiutes, Kanosh Band of Paiutes, Koosharem Band of Paiutes, Indian Peaks Band of Paiutes, and Shivwits Band of Paiutes)",Paiute (UT) Reservation,,
TribeIndigenousLands,Sac and Fox Nation,Sac & Fox Nation of Missouri in Kansas and Nebraska,Sac and Fox Nation Reservation,,
TribeIndigenousLands,Pinoleville,"Pinoleville Pomo Nation, California",Pinoleville Rancheria,,
TribeIndigenousLands,Hollywood,Seminole Tribe of Florida,Hollywood Reservation,,
TribeIndigenousLands,Twenty-Nine Palms,Twenty-Nine Palms Band of Mission Indians of California,Twenty-Nine Palms Reservation,,
TribeIndigenousLands,Bois Forte,"Minnesota Chippewa Tribe, Minnesota (Bois Forte Band (Nett Lake))",Bois Forte Reservation,,
TribeIndigenousLands,Fort Independence,"Fort Independence Indian Community of Paiute Indians of the Fort Independence Reservation, California",Fort Independence Reservation,,
TribeIndigenousLands,Chitimacha,Chitimacha Tribe of Louisiana,Chitimacha Reservation,,
TribeIndigenousLands,Timbi-Sha Shoshone,Timbisha Shoshone Tribe,Timbi-Sha Shoshone Reservation,,
TribeIndigenousLands,Kootenai,Kootenai Tribe of Idaho,Kootenai Reservation,,
TribeIndigenousLands,Susanville,"Susanville Indian Rancheria, California",Susanville Indian Rancheria,,
TribeIndigenousLands,Lower Brule,"Lower Brule Sioux Tribe of the Lower Brule Reservation, South Dakota",Lower Brule Reservation,,
TribeIndigenousLands,Redding,"Redding Rancheria, California",Redding Rancheria,,
TribeIndigenousLands,Rosebud,"Rosebud Sioux Tribe of the Rosebud Indian Reservation, South Dakota",Rosebud Indian Reservation,,
TribeIndigenousLands,Onondaga Nation,Onondaga Nation,Onondaga Nation Reservation,,
TribeIndigenousLands,Osage,The Osage Nation,Osage Reservation,,
TribeIndigenousLands,Santa Clara,"Pueblo of Santa Clara, New Mexico",Santa Clara Pueblo,,
TribeIndigenousLands,Paskenta,Paskenta Band of Nomlaki Indians of California,Paskenta Rancheria,,
TribeIndigenousLands,Coquille,Coquille Indian Tribe,Coquille Reservation,,
TribeIndigenousLands,Northwestern Shoshone,Northwestern Band of the Shoshone Nation,Northwestern Shoshone Reservation,,
TribeIndigenousLands,Karuk,Karuk Tribe,Karuk Reservation,,
TribeIndigenousLands,Bishop,Bishop Paiute Tribe,Bishop Reservation,,
TribeIndigenousLands,Duck Valley,"Shoshone-Paiute Tribes of the Duck Valley Reservation, Nevada",Duck Valley Reservation,,
TribeIndigenousLands,Tampa,Seminole Tribe of Florida,Tampa Reservation,,
TribeIndigenousLands,Stewarts Point,"Kashia Band of Pomo Indians of the Stewarts Point Rancheria, California",Stewarts Point Rancheria,,
TribeIndigenousLands,Oneida Nation,Oneida Indian Nation,Oneida Indian Nation Reservation,,
TribeIndigenousLands,Cedarville,"Cedarville Rancheria, California",Cedarville Rancheria,,
TribeIndigenousLands,Kickapoo (KS),Kickapoo Tribe of Indians of the Kickapoo Reservation in Kansas,Kickapoo (KS) Reservation,,
TribeIndigenousLands,Lac Vieux Desert,Lac Vieux Desert Band of Lake Superior Chippewa Indians of Michigan,Lac Vieux Desert Reservation,,
TribeIndigenousLands,Match-e-be-nash-she-wish Band of Pottawatomi,Match-e-be-nash-she-wish Band of Pottawatomi Indians of Michigan,Match-e-be-nash-she-wish Band of Pottawatomi Reservation,,
TribeIndigenousLands,Uintah and Ouray,"Ute Indian Tribe of the Uintah & Ouray Reservation, Utah",Uintah and Ouray Reservation,,
TribeIndigenousLands,Lone Pine,Lone Pine Paiute-Shoshone Tribe,Lone Pine Reservation,,
TribeIndigenousLands,Sauk-Suiattle,Sauk-Suiattle Indian Tribe,Sauk-Suiattle Reservation,,
TribeIndigenousLands,Mooretown,Mooretown Rancheria of Maidu Indians of California,Mooretown Rancheria,,
TribeIndigenousLands,Makah,Makah Indian Tribe of the Makah Indian Reservation,Makah Indian Reservation,,
TribeIndigenousLands,Acoma,"Pueblo of Acoma, New Mexico",Acoma Pueblo,,
TribeIndigenousLands,Yavapai-Prescott,Yavapai-Prescott Indian Tribe,Yavapai-Prescott Reservation,,
TribeIndigenousLands,Big Sandy,Big Sandy Rancheria of Western Mono Indians of California,Big Sandy Rancheria,,
TribeIndigenousLands,Oneida (WI),Oneida Nation,Oneida (WI) Reservation,,
TribeIndigenousLands,Agua Caliente,"Agua Caliente Band of Cahuilla Indians of the Agua Caliente Indian Reservation, California",Agua Caliente Indian Reservation,,
TribeIndigenousLands,Stillaguamish,Stillaguamish Tribe of Indians of Washington,Stillaguamish Reservation,,
TribeIndigenousLands,Pine Ridge,Oglala Sioux Tribe,Pine Ridge Reservation,,
TribeIndigenousLands,Mille Lacs,"Minnesota Chippewa Tribe, Minnesota (Mille Lacs Band)",Mille Lacs Reservation,,
TribeIndigenousLands,Maricopa (Ak Chin),Ak-Chin Indian Community,Maricopa (Ak Chin) Indian Reservation,,
TribeIndigenousLands,Reno-Sparks,"Reno-Sparks Indian Colony, Nevada",Reno-Sparks Indian Colony,,
TribeIndigenousLands,Fort Belknap,Fort Belknap Indian Community of the Fort Belknap Reservation of Montana,Fort Belknap Reservation,,
TribeIndigenousLands,XL Ranch,"Pit River Tribe, California (includes XL Ranch, Big Bend, Likely, Lookout, Montgomery Creek, and Roaring Creek Rancherias)",XL Ranch Rancheria,,
TribeIndigenousLands,Huron Potawatomi,"Nottawaseppi Huron Band of the Potawatomi, Michigan",Huron Potawatomi Reservation,,
TribeIndigenousLands,Annette Island,"Metlakatla Indian Community, Annette Island Reserve",Annette Island Reserve,,
TribeIndigenousLands,Ely,Ely Shoshone Tribe of Nevada,Ely Reservation,,
TribeIndigenousLands,Jemez,"Pueblo of Jemez, New Mexico",Jemez Pueblo,,
TribeIndigenousLands,Hoh,Hoh Indian Tribe,Hoh Indian Reservation,,
TribeIndigenousLands,Lac Courte Oreilles,Lac Courte Oreilles Band of Lake Superior Chippewa Indians of Wisconsin,Lac Courte Oreilles Reservation,,
TribeIndigenousLands,Jicarilla Apache Nation,"Jicarilla Apache Nation, New Mexico",Jicarilla Apache Nation Reservation,,
TribeIndigenousLands,Sherwood Valley,Sherwood Valley Rancheria of Pomo Indians of California,Sherwood Valley Rancheria,,
TribeIndigenousLands,Walker River,"Walker River Paiute Tribe of the Walker River Reservation, Nevada",Walker River Reservation,,
TribeIndigenousLands,Hoopa Valley,"Hoopa Valley Tribe, California",Hoopa Valley Reservation,,
TribeIndigenousLands,Elk Valley,"Elk Valley Rancheria, California",Elk Valley Rancheria,,
TribeIndigenousLands,Big Lagoon,"Big Lagoon Rancheria, California",Big Lagoon Rancheria,,
TribeIndigenousLands,Nisqually,Nisqually Indian Tribe,Nisqually Reservation,,
TribeIndigenousLands,Shakopee Mdewakanton Sioux,Shakopee Mdewakanton Sioux Community of Minnesota,Shakopee Mdewakanton Sioux Community,,
TribeIndigenousLands,Indian Township,Passamaquoddy Tribe of Maine (Indian Township),Indian Township Reservation,,
TribeIndigenousLands,Fort Bidwell,Fort Bidwell Indian Community of the Fort Bidwell Reservation of California,Fort Bidwell Reservation,,
TribeIndigenousLands,Alturas,"Alturas Indian Rancheria, California",Alturas Indian Rancheria,,
TribeIndigenousLands,Pojoaque,"Pueblo of Pojoaque, New Mexico",Pueblo of Pojoaque,,
TribeIndigenousLands,Mashantucket Pequot,Mashantucket Pequot Indian Tribe,Mashantucket Pequot Reservation,,
TribeIndigenousLands,Pala,Pala Band of Mission Indians,Pala Reservation,,
TribeIndigenousLands,Nooksack,Nooksack Indian Tribe,Nooksack Reservation,,
TribeIndigenousLands,Quileute,Quileute Tribe of the Quileute Reservation,Quileute Reservation,,
TribeIndigenousLands,Pamunkey,Pamunkey Indian Tribe,Pamunkey Reservation,,
TribeIndigenousLands,Santo Domingo,Santo Domingo Pueblo,Santo Domingo Pueblo,,
TribeIndigenousLands,Shoshone-Bannock,Shoshone-Bannock Tribes of the Fort Hall Reservation,Fort Hall Reservation,,
TribeIndigenousLands,Kickapoo (KS) Reservation/Sac and Fox Nation Trust Land,Sac & Fox Nation of Missouri in Kansas and Nebraska,Kickapoo (KS) Reservation/Sac and Fox Nation Trust Land joint-use area,,
TribeIndigenousLands,Cheyenne River,"Cheyenne River Sioux Tribe of the Cheyenne River Reservation, South Dakota",Cheyenne River Reservation,,
TribeIndigenousLands,Chehalis,Confederated Tribes of the Chehalis Reservation,Chehalis Reservation,,
TribeIndigenousLands,L'Anse,"Keweenaw Bay Indian Community, Michigan",L'Anse Reservation,,
TribeIndigenousLands,Guidiville,Guidiville Rancheria of California,Guidiville Rancheria,,
TribeIndigenousLands,Fallon Paiute-Shoshone (Colony),"Paiute-Shoshone Tribe of the Fallon Reservation and Colony, Nevada",Fallon Paiute-Shoshone Colony,,
TribeIndigenousLands,Stewarts Point,"Kashia Band of Pomo Indians of the Stewarts Point Rancheria, California",Stewarts Point Rancheria,,
TribeIndigenousLands,Lower Elwha,Lower Elwha Tribal Community,Lower Elwha Reservation,,
TribeIndigenousLands,Fort Bidwell,Fort Bidwell Indian Community of the Fort Bidwell Reservation of California,Fort Bidwell Reservation,,
TribeIndigenousLands,Morongo,"Morongo Band of Mission Indians, California",Morongo Reservation,,
TribeIndigenousLands,Blue Lake,"Blue Lake Rancheria, California",Blue Lake Rancheria,,
TribeIndigenousLands,Coushatta,Coushatta Tribe of Louisiana,Coushatta Reservation,,
TribeIndigenousLands,Warm Springs,Confederated Tribes of the Warm Springs Reservation of Oregon,Warm Springs Reservation,,
TribeIndigenousLands,Skokomish,Skokomish Indian Tribe,Skokomish Reservation,,
TribeIndigenousLands,North Fork,Northfork Rancheria of Mono Indians of California,North Fork Rancheria,,
TribeIndigenousLands,Lower Brule,"Lower Brule Sioux Tribe of the Lower Brule Reservation, South Dakota",Lower Brule Reservation,,
TribeIndigenousLands,Ponca (NE),Ponca Tribe of Nebraska,Ponca (NE) Trust Land,,
TribeIndigenousLands,Tesuque,"Pueblo of Tesuque, New Mexico",Tesuque Pueblo,,
TribeIndigenousLands,Manzanita,"Manzanita Band of Diegueno Mission Indians of the Manzanita Reservation, California",Manzanita Reservation,,
TribeIndigenousLands,Enterprise,Enterprise Rancheria of Maidu Indians of California,Enterprise Rancheria,,
TribeIndigenousLands,Port Gamble,Port Gamble S'Klallam Tribe,Port Gamble Reservation,,
TribeIndigenousLands,Siletz,Confederated Tribes of Siletz Indians of Oregon,Siletz Reservation,,
TribeIndigenousLands,Seminole (FL),Seminole Tribe of Florida,Seminole (FL) Trust Land,,
TribeIndigenousLands,Viejas,"Capitan Grande Band of Diegueno Mission Indians of California: Viejas (Baron Long) Group of Capitan Grande Band of Mission Indians of the Viejas Reservation, California",Viejas Reservation,,
TribeIndigenousLands,Leech Lake,"Minnesota Chippewa Tribe, Minnesota (Leech Lake Band)",Leech Lake Reservation,,
TribeIndigenousLands,Tule River,"Tule River Indian Tribe of the Tule River Reservation, California",Tule River Reservation,,
TribeIndigenousLands,Big Sandy,Big Sandy Rancheria of Western Mono Indians of California,Big Sandy Rancheria,,
TribeIndigenousLands,Poarch Creek,Poarch Band of Creek Indians,Poarch Creek Reservation,,
TribeIndigenousLands,Big Pine,Big Pine Paiute Tribe of the Owens Valley,Big Pine Reservation,,
TribeIndigenousLands,Zuni,"Zuni Tribe of the Zuni Reservation, New Mexico",Zuni Reservation,,
TribeIndigenousLands,Shingle Springs,"Shingle Springs Band of Miwok Indians, Shingle Springs Rancheria (Verona Tract), California",Shingle Springs Rancheria,,
TribeIndigenousLands,Bay Mills,"Bay Mills Indian Community, Michigan",Bay Mills Reservation,,
TribeIndigenousLands,Sac and Fox Nation,Sac & Fox Nation of Missouri in Kansas and Nebraska,Sac and Fox Nation Reservation,,
TribeIndigenousLands,"Coos, Lower Umpqua, and Siuslaw","Confederated Tribes of the Coos, Lower Umpqua and Siuslaw Indians","Coos, Lower Umpqua, and Siuslaw Reservation",,
TribeIndigenousLands,Huron Potawatomi,"Nottawaseppi Huron Band of the Potawatomi, Michigan",Huron Potawatomi Reservation,,
TribeIndigenousLands,Coconut Creek,Seminole Tribe of Florida,Coconut Creek Trust Land,,
TribeIndigenousLands,Ute Mountain,Ute Mountain Ute Tribe,Ute Mountain Reservation,,
TribeIndigenousLands,Kootenai,Kootenai Tribe of Idaho,Kootenai Reservation,,
TribeIndigenousLands,Agua Caliente,"Agua Caliente Band of Cahuilla Indians of the Agua Caliente Indian Reservation, California",Agua Caliente Indian Reservation,,
TribeIndigenousLands,Berry Creek,Berry Creek Rancheria of Maidu Indians of California,Berry Creek Rancheria,,
TribeIndigenousLands,Ho-Chunk Nation,Ho-Chunk Nation of Wisconsin,Ho-Chunk Nation Reservation,,
TribeIndigenousLands,Pojoaque,"Pueblo of Pojoaque, New Mexico",Pueblo of Pojoaque,,
TribeIndigenousLands,Santa Clara,"Pueblo of Santa Clara, New Mexico",Santa Clara Pueblo,,
TribeIndigenousLands,White Earth,"Minnesota Chippewa Tribe, Minnesota (White Earth Band)",White Earth Reservation,,
TribeIndigenousLands,Little Traverse Bay,"Little Traverse Bay Bands of Odawa Indians, Michigan",Little Traverse Bay Reservation,,
TribeIndigenousLands,Stockbridge Munsee,"Stockbridge Munsee Community, Wisconsin",Stockbridge Munsee Community,,
TribeIndigenousLands,San Ildefonso,"Pueblo of San Ildefonso, New Mexico",San Ildefonso Pueblo,,
TribeIndigenousLands,Soboba,"Soboba Band of Luiseno Indians, California",Soboba Reservation,,
TribeIndigenousLands,Twenty-Nine Palms,Twenty-Nine Palms Band of Mission Indians of California,Twenty-Nine Palms Reservation,,
TribeIndigenousLands,Menominee,Menominee Indian Tribe of Wisconsin,Menominee Reservation,,
TribeIndigenousLands,Fond du Lac,"Minnesota Chippewa Tribe, Minnesota (Fond du Lac Band)",Fond du Lac Reservation,,
TribeIndigenousLands,Mooretown,Mooretown Rancheria of Maidu Indians of California,Mooretown Rancheria,,
TribeIndigenousLands,Little River,"Little River Band of Ottawa Indians, Michigan",Little River Reservation,,
TribeIndigenousLands,Duck Valley,"Shoshone-Paiute Tribes of the Duck Valley Reservation, Nevada",Duck Valley Reservation,,
TribeIndigenousLands,Hoh,Hoh Indian Tribe,Hoh Indian Reservation,,
TribeIndigenousLands,Sycuan,Sycuan Band of the Kumeyaay Nation,Sycuan Reservation,,
TribeIndigenousLands,Crow,Crow Tribe of Montana,Crow Reservation,,
TribeIndigenousLands,Wind River,"Northern Arapaho Tribe of the Wind River Reservation, Wyoming",Wind River Reservation,,
TribeIndigenousLands,Wind River,"Eastern Shoshone Tribe of the Wind River Reservation, Wyoming",Wind River Reservation,,
TribeIndigenousLands,Lac Vieux Desert,Lac Vieux Desert Band of Lake Superior Chippewa Indians of Michigan,Lac Vieux Desert Reservation,,
TribeIndigenousLands,Snoqualmie,Snoqualmie Indian Tribe,Snoqualmie Reservation,,
TribeIndigenousLands,Laguna,"Pueblo of Laguna, New Mexico",Laguna Pueblo,,
TribeIndigenousLands,Upper Skagit,Upper Skagit Indian Tribe,Upper Skagit Reservation,,
TribeIndigenousLands,Chicken Ranch,Chicken Ranch Rancheria of Me-Wuk Indians of California,Chicken Ranch Rancheria,,
TribeIndigenousLands,Lac Courte Oreilles,Lac Courte Oreilles Band of Lake Superior Chippewa Indians of Wisconsin,Lac Courte Oreilles Reservation,,
TribeIndigenousLands,Acoma,"Pueblo of Acoma, New Mexico",Acoma Pueblo,,
TribeIndigenousLands,Torres-Martinez,"Torres Martinez Desert Cahuilla Indians, California",Torres-Martinez Reservation,,
TribeIndigenousLands,Miccosukee,Miccosukee Tribe of Indians,Miccosukee Reservation,,
TribeIndigenousLands,Minnesota Chippewa,"Minnesota Chippewa Tribe, Minnesota (Six component reservations: Bois Forte Band (Nett Lake); Fond du Lac Band; Grand Portage Band; Leech Lake Band; Mille Lacs Band; White Earth Band)",Minnesota Chippewa Trust Land,,
TribeIndigenousLands,Blackfeet,Blackfeet Tribe of the Blackfeet Indian Reservation of Montana,Blackfeet Indian Reservation,,
TribeIndigenousLands,Kalispel,Kalispel Indian Community of the Kalispel Reservation,Kalispel Reservation,,
TribeIndigenousLands,Winnebago,Winnebago Tribe of Nebraska,Winnebago Reservation,,
TribeIndigenousLands,San Pasqual,San Pasqual Band of Diegueno Mission Indians of California,San Pasqual Reservation,,
TribeIndigenousLands,Karuk,Karuk Tribe,Karuk Reservation,,
TribeIndigenousLands,Hopi,Hopi Tribe of Arizona,Hopi Reservation,,
TribeIndigenousLands,Alabama-Coushatta,Alabama-Coushatta Tribe of Texas,Alabama-Coushatta Reservation,,
TribeIndigenousLands,Tonto Apache,Tonto Apache Tribe of Arizona,Tonto Apache Reservation,,
TribeIndigenousLands,Mi'kmaq Nation,Mi'kmaq Nation,Aroostook Band of Micmac Trust Land,,
TribeIndigenousLands,Navajo Nation,"Navajo Nation, Arizona, New Mexico, & Utah",Navajo Nation Reservation,,
TribeIndigenousLands,Dry Creek,"Dry Creek Rancheria Band of Pomo Indians, California",Dry Creek Rancheria,,
TribeIndigenousLands,Grand Ronde,Confederated Tribes of the Grand Ronde Community of Oregon,Grand Ronde Community,,
TribeIndigenousLands,Timbi-Sha Shoshone,Timbisha Shoshone Tribe,Timbi-Sha Shoshone Reservation,,
TribeIndigenousLands,Mille Lacs,"Minnesota Chippewa Tribe, Minnesota (Mille Lacs Band)",Mille Lacs Reservation,,
TribeIndigenousLands,Pit River,"Pit River Tribe, California (includes XL Ranch, Big Bend, Likely, Lookout, Montgomery Creek, and Roaring Creek Rancherias)",Pit River Trust Land,,
TribeIndigenousLands,Fort Mojave,"Fort Mojave Indian Tribe of Arizona, California & Nevada",Fort Mojave Reservation,,
TribeIndigenousLands,Round Valley,"Round Valley Indian Tribes, Round Valley Reservation, California",Round Valley Reservation,,
TribeIndigenousLands,Hannahville,"Hannahville Indian Community, Michigan",Hannahville Indian Community,,
TribeIndigenousLands,Oneida (WI),Oneida Nation,Oneida (WI) Reservation,,
TribeIndigenousLands,Hualapai,"Hualapai Indian Tribe of the Hualapai Indian Reservation, Arizona",Hualapai Indian Reservation,,
TribeIndigenousLands,Shakopee Mdewakanton Sioux,Shakopee Mdewakanton Sioux Community of Minnesota,Shakopee Mdewakanton Sioux Community,,
TribeIndigenousLands,Isabella,Saginaw Chippewa Indian Tribe of Michigan,Isabella Reservation,,
TribeIndigenousLands,Picayune,Picayune Rancheria of Chukchansi Indians of California,Picayune Rancheria,,
TribeIndigenousLands,Pokagon,"Pokagon Band of Potawatomi Indians, Michigan and Indiana",Pokagon Reservation,,
TribeIndigenousLands,Turtle Mountain,Turtle Mountain Band of Chippewa Indians of North Dakota,Turtle Mountain Reservation,,
TribeIndigenousLands,Wampanoag-Aquinnah,Wampanoag Tribe of Gay Head (Aquinnah),Wampanoag-Aquinnah Trust Land,,
TribeIndigenousLands,Auburn,United Auburn Indian Community of the Auburn Rancheria of California,Auburn Rancheria,,
TribeIndigenousLands,Upper Sioux,"Upper Sioux Community, Minnesota",Upper Sioux Community,,
TribeIndigenousLands,Spokane,Spokane Tribe of the Spokane Reservation,Spokane Reservation,,
TribeIndigenousLands,Jicarilla Apache Nation,"Jicarilla Apache Nation, New Mexico",Jicarilla Apache Nation Reservation,,
TribeIndigenousLands,Kickapoo (TX),Kickapoo Traditional Tribe of Texas,Kickapoo (TX) Reservation,,
TribeIndigenousLands,Cedarville,"Cedarville Rancheria, California",Cedarville Rancheria,,
TribeIndigenousLands,Stillaguamish,Stillaguamish Tribe of Indians of Washington,Stillaguamish Reservation,,
TribeIndigenousLands,Northern Cheyenne,"Northern Cheyenne Tribe of the Northern Cheyenne Indian Reservation, Montana",Northern Cheyenne Indian Reservation,,
TribeIndigenousLands,Puyallup,Puyallup Tribe of the Puyallup Reservation,Puyallup Reservation,,
TribeIndigenousLands,Houlton Maliseet,Houlton Band of Maliseet Indians,Houlton Maliseet Reservation,,
TribeIndigenousLands,Catawba,Catawba Indian Nation,Catawba Reservation,,
TribeIndigenousLands,Rohnerville,"Bear River Band of the Rohnerville Rancheria, California",Rohnerville (Rancheria) Trust Land,,
TribeIndigenousLands,Umatilla,Confederated Tribes of the Umatilla Indian Reservation,Umatilla Reservation,,
TribeIndigenousLands,Table Mountain,Table Mountain Rancheria,Table Mountain Rancheria,,
TribeIndigenousLands,Reno-Sparks,"Reno-Sparks Indian Colony, Nevada",Reno-Sparks Indian Colony,,
TribeIndigenousLands,Maricopa (Ak Chin),Ak-Chin Indian Community,Maricopa (Ak Chin) Indian Reservation,,
TribeIndigenousLands,Zia,"Pueblo of Zia, New Mexico",Zia Pueblo,,
TribeIndigenousLands,Benton Paiute,"Utu Utu Gwaitu Paiute Tribe of the Benton Paiute Reservation, California",Benton Paiute Reservation,,
TribeIndigenousLands,Pechanga,Pechanga Band of Indians,Pechanga Reservation,,
TribeIndigenousLands,Nooksack,Nooksack Indian Tribe,Nooksack Reservation,,
TribeIndigenousLands,Prairie Island,Prairie Island Indian Community in the State of Minnesota,Prairie Island Indian Community,,
TribeIndigenousLands,Robinson,Robinson Rancheria,Robinson Rancheria,,
TribeIndigenousLands,Sherwood Valley,Sherwood Valley Rancheria of Pomo Indians of California,Sherwood Valley Rancheria,,
TribeIndigenousLands,Uintah and Ouray,"Ute Indian Tribe of the Uintah & Ouray Reservation, Utah",Uintah and Ouray Reservation,,
TribeIndigenousLands,Mississippi Choctaw,Mississippi Band of Choctaw Indians,Mississippi Choctaw Reservation,,
TribeIndigenousLands,Tulalip,Tulalip Tribes of Washington,Tulalip Reservation,,
TribeIndigenousLands,Fort Peck,"Assiniboine and Sioux Tribes of the Fort Peck Indian Reservation, Montana",Fort Peck Indian Reservation,,
TribeIndigenousLands,Washoe Ranches,"Washoe Tribe of Nevada & California (Carson Colony, Dresslerville Colony, Woodfords Community, Stewart Community, & Washoe Ranches)",Washoe Ranches Trust Land,,
TribeIndigenousLands,Swinomish,Swinomish Indian Tribal Community,Swinomish Reservation,,
TribeIndigenousLands,Tohono O'odham Nation,Tohono O'odham Nation of Arizona,Tohono O'odham Nation Reservation,,
TribeIndigenousLands,Passamaquoddy,Passamaquoddy Tribe,Passamaquoddy Trust Land,,
TribeIndigenousLands,Yakama Nation,Confederated Tribes and Bands of the Yakama Nation,Yakama Nation Reservation,,
TribeIndigenousLands,Taos,"Pueblo of Taos, New Mexico",Taos Pueblo,,
TribeIndigenousLands,Match-e-be-nash-she-wish Band of Pottawatomi,Match-e-be-nash-she-wish Band of Pottawatomi Indians of Michigan,Match-e-be-nash-she-wish Band of Pottawatomi Reservation,,
TribeIndigenousLands,Susanville,"Susanville Indian Rancheria, California",Susanville Indian Rancheria,,
TribeIndigenousLands,Rosebud,"Rosebud Sioux Tribe of the Rosebud Indian Reservation, South Dakota",Rosebud Indian Reservation,,
TribeIndigenousLands,Mashpee Wampanoag,Mashpee Wampanoag Tribe,Mashpee Wampanoag Trust Land,,
TribeIndigenousLands,Colville,Confederated Tribes of the Colville Reservation,Colville Reservation,,
TribeIndigenousLands,Shoalwater Bay,Shoalwater Bay Indian Tribe of the Shoalwater Bay Indian Reservation,Shoalwater Bay Indian Reservation,,
TribeIndigenousLands,Quartz Valley,Quartz Valley Indian Community of the Quartz Valley Reservation of California,Quartz Valley Reservation,,
TribeIndigenousLands,Nambe,"Pueblo of Nambe, New Mexico",Nambe Pueblo,,
TribeIndigenousLands,Rincon,"Rincon Band of Luiseno Mission Indians of Rincon Reservation, California",Rincon Reservation,,
TribeIndigenousLands,Mashantucket Pequot,Mashantucket Pequot Indian Tribe,Mashantucket Pequot Reservation,,
TribeIndigenousLands,Elk Valley,"Elk Valley Rancheria, California",Elk Valley Rancheria,,
TribeIndigenousLands,Bois Forte,"Minnesota Chippewa Tribe, Minnesota (Bois Forte Band (Nett Lake))",Bois Forte Reservation,,
TribeIndigenousLands,Summit Lake,Summit Lake Paiute Tribe of Nevada,Summit Lake Reservation,,
TribeIndigenousLands,Smith River,Tolowa Dee-ni' Nation,Smith River Rancheria,,
TribeIndigenousLands,Iowa (KS-NE),Iowa Tribe of Kansas and Nebraska,Iowa (KS-NE) Reservation,,
TribeIndigenousLands,Battle Mountain,Te-Moak Tribe of Western Shoshone Indians of Nevada (Battle Mountain Band),Battle Mountain Reservation,,
TribeIndigenousLands,Sokaogon Chippewa,"Sokaogon Chippewa Community, Wisconsin",Sokaogon Chippewa Community,,
TribeIndigenousLands,Fallon Paiute-Shoshone (Reservation),"Paiute-Shoshone Tribe of the Fallon Reservation and Colony, Nevada",Fallon Paiute-Shoshone Reservation,,
TribeIndigenousLands,St. Croix,St. Croix Chippewa Indians of Wisconsin,St. Croix Reservation,,
TribeIndigenousLands,Forest County Potawatomi,"Forest County Potawatomi Community, Wisconsin",Forest County Potawatomi Community,,
TribeIndigenousLands,Jamestown S'Klallam,Jamestown S'Klallam Tribe,Jamestown S'Klallam Reservation,,
TribeIndigenousLands,Lake Traverse,"Sisseton-Wahpeton Oyate of the Lake Traverse Reservation, South Dakota",Lake Traverse Reservation,,
TribeIndigenousLands,Grand Portage,"Minnesota Chippewa Tribe, Minnesota (Grand Portage Band)",Grand Portage Reservation,,
TribeIndigenousLands,Lower Sioux,Lower Sioux Indian Community in the State of Minnesota,Lower Sioux Indian Community,,
TribeIndigenousLands,Grand Traverse,"Grand Traverse Band of Ottawa and Chippewa Indians, Michigan",Grand Traverse Reservation,,
TribeIndigenousLands,Muckleshoot,Muckleshoot Indian Tribe,Muckleshoot Reservation,,
TribeIndigenousLands,Squaxin Island,Squaxin Island Tribe of the Squaxin Island Reservation,Squaxin Island Reservation,,
TribeIndigenousLands,Burns Paiute,Burns Paiute Tribe,Burns Paiute Indian Colony,,
TribeIndigenousLands,Pascua Pueblo Yaqui,Pascua Yaqui Tribe of Arizona,Pascua Pueblo Yaqui Reservation,,
TribeIndigenousLands,Ysleta del Sur,Ysleta del Sur Pueblo,Ysleta del Sur Pueblo,,
TribeIndigenousLands,Sault Ste. Marie,"Sault Ste. Marie Tribe of Chippewa Indians, Michigan",Sault Ste. Marie Reservation,,
TribeIndigenousLands,Tunica-Biloxi,Tunica-Biloxi Indian Tribe,Tunica-Biloxi Reservation,,
TribeIndigenousLands,Coquille,Coquille Indian Tribe,Coquille Reservation,,
TribeIndigenousLands,Rocky Boy's,"Chippewa Cree Indians of the Rocky Boy's Reservation, Montana",Rocky Boy's Reservation,,
TribeIndigenousLands,Trinidad,"Cher-Ae Heights Indian Community of the Trinidad Rancheria, California",Trinidad Rancheria,,
TribeIndigenousLands,South Fork,Te-Moak Tribe of Western Shoshone Indians of Nevada (South Fork Band),South Fork Reservation,,
TribeIndigenousLands,Red Cliff,Red Cliff Band of Lake Superior Chippewa Indians of Wisconsin,Red Cliff Reservation,,
TribeIndigenousLands,Bridgeport,Bridgeport Indian Colony,Bridgeport Reservation,,
TribeIndigenousLands,Fort Belknap,Fort Belknap Indian Community of the Fort Belknap Reservation of Montana,Fort Belknap Reservation,,
TribeIndigenousLands,Sac and Fox/Meskwaki,Sac & Fox Tribe of the Mississippi in Iowa,Sac and Fox/Meskwaki Settlement,,
TribeIndigenousLands,Penobscot,Penobscot Nation,Penobscot Reservation,,
TribeIndigenousLands,Barona,"Capitan Grande Band of Diegueno Mission Indians of California: Barona Group of Capitan Grande Band of Mission Indians of the Barona Reservation, California",Barona Reservation,,
TribeIndigenousLands,Sandia,"Pueblo of Sandia, New Mexico",Sandia Pueblo,,
TribeIndigenousLands,Eastern Cherokee,Eastern Band of Cherokee Indians,Eastern Cherokee Reservation,,
TribeIndigenousLands,Shawnee,Shawnee Tribe,Shawnee Trust Land,,
TribeIndigenousLands,Shoshone-Bannock,Shoshone-Bannock Tribes of the Fort Hall Reservation,Fort Hall Reservation,,
TribeIndigenousLands,Kiowa-Comanche-Apache-Fort Sill Apache,Kiowa Indian Tribe of Oklahoma,Kiowa-Comanche-Apache-Fort Sill Apache OTSA,,
TribeIndigenousLands,Kiowa-Comanche-Apache-Fort Sill Apache,"Comanche Nation, Oklahoma",Kiowa-Comanche-Apache-Fort Sill Apache OTSA,,
TribeIndigenousLands,Kiowa-Comanche-Apache-Fort Sill Apache,Apache Tribe of Oklahoma,Kiowa-Comanche-Apache-Fort Sill Apache OTSA,,
TribeIndigenousLands,Kiowa-Comanche-Apache-Fort Sill Apache,Fort Sill Apache Tribe of Oklahoma,Kiowa-Comanche-Apache-Fort Sill Apache OTSA,,
TribeIndigenousLands,Chickasaw,The Chickasaw Nation,Chickasaw OTSA,,
TribeIndigenousLands,Pawnee,Pawnee Nation of Oklahoma,Pawnee OTSA,,
TribeIndigenousLands,Seneca-Cayuga,Seneca-Cayuga Nation,Seneca-Cayuga OTSA,,
TribeIndigenousLands,Kiowa-Comanche-Apache-Ft Sill Apache/Caddo-Wichita-Delaware,Kiowa Indian Tribe of Oklahoma,Kiowa-Comanche-Apache-Ft Sill Apache/Caddo-Wichita-Delaware joint-use OTSA,,
TribeIndigenousLands,Kiowa-Comanche-Apache-Ft Sill Apache/Caddo-Wichita-Delaware,"Comanche Nation, Oklahoma",Kiowa-Comanche-Apache-Ft Sill Apache/Caddo-Wichita-Delaware joint-use OTSA,,
TribeIndigenousLands,Kiowa-Comanche-Apache-Ft Sill Apache/Caddo-Wichita-Delaware,Apache Tribe of Oklahoma,Kiowa-Comanche-Apache-Ft Sill Apache/Caddo-Wichita-Delaware joint-use OTSA,,
TribeIndigenousLands,Kiowa-Comanche-Apache-Ft Sill Apache/Caddo-Wichita-Delaware,Fort Sill Apache Tribe of Oklahoma,Kiowa-Comanche-Apache-Ft Sill Apache/Caddo-Wichita-Delaware joint-use OTSA,,
TribeIndigenousLands,Kiowa-Comanche-Apache-Ft Sill Apache/Caddo-Wichita-Delaware,Caddo Nation of Oklahoma,Kiowa-Comanche-Apache-Ft Sill Apache/Caddo-Wichita-Delaware joint-use OTSA,,
TribeIndigenousLands,Kiowa-Comanche-Apache-Ft Sill Apache/Caddo-Wichita-Delaware,"Wichita and Affiliated Tribes (Wichita, Keechi, Waco, & Tawakonie), Oklahoma",Kiowa-Comanche-Apache-Ft Sill Apache/Caddo-Wichita-Delaware joint-use OTSA,,
TribeIndigenousLands,Kiowa-Comanche-Apache-Ft Sill Apache/Caddo-Wichita-Delaware,"Delaware Nation, Oklahoma",Kiowa-Comanche-Apache-Ft Sill Apache/Caddo-Wichita-Delaware joint-use OTSA,,
TribeIndigenousLands,Miami/Peoria,Miami Tribe of Oklahoma,Miami/Peoria joint-use OTSA,,
TribeIndigenousLands,Miami/Peoria,Peoria Tribe of Indians of Oklahoma,Miami/Peoria joint-use OTSA,,
TribeIndigenousLands,Kickapoo,Kickapoo Tribe of Oklahoma,Kickapoo OTSA,,
TribeIndigenousLands,Creek,The Muscogee (Creek) Nation,Creek OTSA,,
TribeIndigenousLands,Kaw,"Kaw Nation, Oklahoma",Kaw OTSA,,
TribeIndigenousLands,Tonkawa,Tonkawa Tribe of Indians of Oklahoma,Tonkawa OTSA,,
TribeIndigenousLands,Citizen Potawatomi Nation-Absentee Shawnee,"Citizen Potawatomi Nation, Oklahoma",Citizen Potawatomi Nation-Absentee Shawnee OTSA,,
TribeIndigenousLands,Citizen Potawatomi Nation-Absentee Shawnee,Absentee-Shawnee Tribe of Indians of Oklahoma,Citizen Potawatomi Nation-Absentee Shawnee OTSA,,
TribeIndigenousLands,Ottawa,Ottawa Tribe of Oklahoma,Ottawa OTSA,,
TribeIndigenousLands,Ponca,Ponca Tribe of Indians of Oklahoma,Ponca OTSA,,
TribeIndigenousLands,Cherokee,Cherokee Nation,Cherokee OTSA,,
TribeIndigenousLands,Cheyenne-Arapaho,"Cheyenne and Arapaho Tribes, Oklahoma",Cheyenne and Arapaho OTSA,,
TribeIndigenousLands,Eastern Shawnee,Eastern Shawnee Tribe of Oklahoma,Eastern Shawnee OTSA,,
TribeIndigenousLands,Seminole,The Seminole Nation of Oklahoma,Seminole OTSA,,
TribeIndigenousLands,Peoria,Peoria Tribe of Indians of Oklahoma,Peoria OTSA,,
TribeIndigenousLands,Miami,Miami Tribe of Oklahoma,Miami OTSA,,
TribeIndigenousLands,Choctaw,The Choctaw Nation of Oklahoma,Choctaw OTSA,,
TribeIndigenousLands,Kaw/Ponca,"Kaw Nation, Oklahoma",Kaw/Ponca joint-use OTSA,,
TribeIndigenousLands,Kaw/Ponca,Ponca Tribe of Indians of Oklahoma,Kaw/Ponca joint-use OTSA,,
TribeIndigenousLands,Sac and Fox,"Sac & Fox Nation, Oklahoma",Sac and Fox OTSA,,
TribeIndigenousLands,Iowa,Iowa Tribe of Oklahoma,Iowa OTSA,,
TribeIndigenousLands,Creek/Seminole,The Muscogee (Creek) Nation,Creek/Seminole joint-use OTSA,,
TribeIndigenousLands,Creek/Seminole,The Seminole Nation of Oklahoma,Creek/Seminole joint-use OTSA,,
TribeIndigenousLands,Modoc,Modoc Nation,Modoc OTSA,,
TribeIndigenousLands,Otoe-Missouria,"Otoe-Missouria Tribe of Indians, Oklahoma",Otoe-Missouria OTSA,,
TribeIndigenousLands,Wyandotte,Wyandotte Nation,Wyandotte OTSA,,
TribeIndigenousLands,Quapaw,Quapaw Nation,Quapaw OTSA,,
TribeIndigenousLands,Caddo-Wichita-Delaware,Caddo Nation of Oklahoma,Caddo-Wichita-Delaware OTSA,,
TribeIndigenousLands,Caddo-Wichita-Delaware,"Wichita and Affiliated Tribes (Wichita, Keechi, Waco, & Tawakonie), Oklahoma",Caddo-Wichita-Delaware OTSA,,
TribeIndigenousLands,Caddo-Wichita-Delaware,"Delaware Nation, Oklahoma",Caddo-Wichita-Delaware OTSA,,
TribeIndigenousLands,,Monacan Indian Nation,Monacan Indian Nation,,
TribeIndigenousLands,,Chickahominy Tribe,Chickahominy Indian Tribe,,
TribeIndigenousLands,,Chickahominy Indians Eastern Division,Chickahominy Indian Tribe--Eastern Division,,
TribeIndigenousLands,,Nansemond Indian Nation,Nansemond Indian Nation,,
TribeIndigenousLands,,Upper Mattaponi Tribe,Upper Mattaponi Tribe,,
TribeIndigenousLands,,Rappahannock Tribe,"Rappahannock Tribe, Inc.",,