OBJECTID,Join_Count,TARGET_FID,JOIN_FID,US EPA Region,RegionString,Announcement Date,Award Date,Project Title,Project Description,Recipient,Funding Source,Type of Award,Funding Status,Federal Award Identification Number,Award Amount,Location,Latitude,Longitude,Zip Code,City,County,State,Assistance Listing, Program,Investment Category,Website Url,Announcement Url,Data Extract Date,Shape__Area,Shape__Length
1,1,1,102,04,04,,12-27-2024,Resource for Assistance and Community Training,"This action provides funding in the amount of $3,000,000 for Research Triangle Institute (RTI) to provide meaningful engagement to underserved communities in the southeast region of the United States (Region 4  The activities to be performed under this grant include identifying environmental and energy justice issues, including geographical analyses using GIS, air and water quality monitoring, personal exposure analyses, climate resilience analyses, and energy policy impact assessments. Additional activities to be performed under this grant are to assist program participants with navigating government systems, identifying grant opportunities, applying for grants, and managing grants. The anticipated deliverables include documentation from outreach efforts undertaken, descriptions of services provided, number of program participants, tools developed, reports on feedback from program participants, program evaluations, number of improvements made to an Environmental Justice Thriving Communities Technical Assistance Centers (EJ TCTAC), and the number of clean energy demonstration opportunities identified. The expected outcomes include increased awareness, knowledge and understanding of grant among underserved communities, increased access to grant writing and management resources, and an increase to the number and quality of applications for funding related to environmental and energy justice from underserved communities in the Southeast Region. The intended beneficiaries include communities throughout each of the Region 4 States: (AL, FL, GA, KY, MS, NC, SC, TN  The outcomes of this project will include the increased grant writing capacity, increased community engagement, and increased produce yielded from the garden to benefit the underserved communities in the Jackson, Mississippi area. 
The Inflation Reduction Act (IRA) technical assistance (TA) funds issued to the enter name of TCTAC are specifically for the EJ TCTAC to coordinate and collaborate with the Environmental Justice Thriving Communities Grantmaking program recipients (Grantmakers) and/or provide additional technical assistance and support to applicants and subgrantee recipients funded through the Grantmaker program. The Grantmakers are considered Technical Assistance providers, who provide funding as well as technical assistance to applicants and subgrantee recipients addressing environmental concerns of disadvantaged communities. Per the EJ TCTAC Request for Applications (RFA), Funding Opportunity Number EPA-I-OP-OEJ-22-02, the EJ TCTACs are expected to coordinate with other Technical Assistance providers over the project period.

Activities:
The activities to be performed under this grant include identifying environmental and energy justice issues, including geographical analyses using GIS, air and water quality monitoring, personal exposure analyses, climate resilience analyses, and energy policy impact assessments. Additional activities to be performed under this grant are to assist program participants with navigating government systems, identifying grant opportunities, applying for grants, and managing grants. RTI will facilitate community engagement and partnership building to address environmental and energy justice issues. RTI will provide translation and interpretation services with respect to grant program awareness and application, award, and management processes to provide program participants a meaningful opportunity to participate in environmental and energy justice efforts. RTI will facilitate formal hands-on training to build capacity, including strengthening human capital to focus on environmental justice and energy justice issues and fostering third-party  and ldquo;community champions and rdquo; (e.g., community advocates and volunteer leaders) to engage in decision-making process so they will be in a strengthened position to participate in environmental and energy justice programs and address related challenges.


Outcomes:
The",RESEARCH TRIANGLE INSTITUTE,IRA,Primary,Awarded,13746193,3000000,North Carolina,35.526035,-79.13088,,,,NC,66.309,Supplemental Funding for Thriving Communities Technical Assistance Centers (TCTACs) to coordinate and collaborate with the EJ Thriving Communities Grantmakers and/or provide technical assistance to applicants and subgrantee recipients of Grantmaker program.,Protecting Communities,https://www.epa.gov/environmentaljustice/environmental-justice-thriving-communities-technical-assistance-centers,,01-31-2025,100.457816930121,78.6653917324571
2,1,1,107,04,04,,07-16-2024,Research Triangle Institute (RTI) - Grantmaker - Initial Award,"The purpose of the Environmental Protection Agency s (EPA) Thriving Communities Grantmaking Program ( EJ TCGM ) is to transform disadvantaged and underserved communities into healthy, thriving places that can address the health and environmental challenges they face now and into the future.  and nbsp;EPA will do this by using a pass-through model to distribute grant funds to communities via multiple Grantmakers serving communities across the nation. Research Triangle Institute (RTI) International has been selected to serve as the EPA Region 4 and National-Central Grantmaker providing support to communities across EPA Regions 4-7, with a dedicated focus on EPA Region 7. RTI s diverse team brings expertise in grant management, environmental science, environmental justice, equity and #8208;centered research and evaluation.  and nbsp;RTI s proposed solution advances racial equity by positioning community members, as part of a Community Advisory Board (CAB), as decision makers in selecting sub awardees and subgrantees. RTI s process includes targeted outreach and recruitment strategies inclusive and accessible to potential applicants in various modalities, and culturally appropriate to reach communities. RTI International will support the infrastructure to quickly launch an applications intake, review, and award process that is significantly simplified from current federal grants processes. RTI International will receive an initial award of $25,000,000 of Inflation Reduction Act (IRA) funding to stand-up the infrastructure to support communities directly, as well as support the Regional Grantmakers in the Central Regions and the EJ TCGM network as a whole.  and nbsp;Once the infrastructure is established, RTI International will receive a subsequent award of $75,000,000 to implement subgranting programs in EPA Regions 4 and EPA Regions 7, as well as to provide support to the EJ TCGM network as a whole.  and nbsp;This bifurcated awards process is being implemented by EPA to ensure that the Grantmakers have sufficient time to establish the necessary grantmaking infrastructure before beginning to issue subgrants. The EJ TCGM program is a key lever to advance environmental justice and improve public health in communities across the central regions while ensuring that community members can shape the process.

Activities:
RTI International and its partners will come together to serve as the Region 4 and National-Central Grantmakers. Activities to be performed during this project are:

1) RTI will work, in consultation with EPA regional leaders and community representatives, to identify and engage three (3) new statutory partners located within Region 7 to ensure TCGM provides direct support to communities within the region. 

2) RTI International will implement the community-engaged transformative governance model to support the type of decision-making that acknowledges that community organizations have the authority to define success for their projects, decide on the type of interventions they most need, and contribute to the grantmaking process. The community advisory boards (CABs) are the cornerstone of the program. While applications will be accepted on a rolling basis, CABs will meet to make funding decisions on a quarterly basis. They are also charged with guiding the program implementation within the regions.  In consultation with EPA regional leaders, TCGM partners, and community member input, RTI will develop selection criteria to select Community Advisory Board (CAB) members. RTI will work closely to ensure that selection for CAB members considers contextual equity considerations so that the TCGM program can serve those communities that it is intended to benefit. 

3) The Communications  and amp; Outreach team will develop outreach strategies that include both direct in-person outreach and indirect communication channels for the complete life cycle of the grant program. For Region 4 and Region 7, the Communications and Outreach t",RESEARCH TRIANGLE INSTITUTE,IRA,Primary,Awarded,84084101,25000000,"Research Triangle Park, NC",35.906235,-78.86136,27709,Research Triangle Park,,NC,66.615,Environmental Justice Thriving Communities Grantmaking,Protecting Communities,https://www.epa.gov/environmentaljustice/environmental-justice-thriving-communities-grantmaking-program,,01-31-2025,100.457816930121,78.6653917324571
3,1,1,250,04,04,,01-08-2025,RTI Thriving Communities Grantmaker: Subsequent Award,"Research Triangle institute (RTI) will utilize the Subsequent Award totaling $95,000,000 in EJ TCGM funding to serve as one of eleven Grantmaker organizations that are charged with implementing the program. RTI will serve in the capacity of a National Grantmaker (Central Regions) as well as the provision of direct assistance to Regions 4 and Region 7.  RTI will implement and deploy federal financial assistance to instill resilience to underserved communities inclusive of Regions 4, 5, 6 and 7.

This funding is the latter half of the bifurcated award that will be used for passthrough grantmaking activities authorized under CAA 138(b  The RTI National Grantmaker (Central Regions) will be funded by the Inflation Reduction Act (IRA) appropriations at the level totaling $120 million and divided into two awards. The Initial Award of $25 million was made in August 2024 and the subsequent award of $95 million is slated for December 2024. The bifurcated award is sourced from the same funding but will maintain separate but overlapping timelines to meet the overall components of the award. The Subsequent Award includes award competition, selection and distribution of funds, capacity building and technical assistance for Regional Grantmakers and subrecipients, participatory governance and outreach efforts that will support the regional Grantmakers in 4,5,6, and 7 as well as addressing coverage gaps that they may have difficulty reaching. Gaps include, but is not limited to, remote and/or rural areas of the U.S. Territories and parts of the contiguous United States. 

OEJECR has also provided additional within-scope supplemental funding for each Grantmaker to address  Quality Assurance (QA), Human Subjects Review (HSR), as well as provide funding for additional meaningful outreach and gap filling to remote, rural and hard-to-reach areas of the country, and territories that must be adjusted due to elevated travel costs. Supplemental funds total  $20M of the $95 million and will be used to support the successful distribution and completion projects funded under the subawards.
It should be noted that the Initial Award enabled the Grantmaker to perform the tasks needed to plan and implement proposed participatory governance, outreach, and system mobilization efforts that established the criteria for the collection, review, selection, and distribution of the EJ Thriving Communities Subawards. The pass-through model developed by EPA is central to the new approach, as it  allows the Grantmakers to distribute smaller subawards to community-based organizations (CBOs) more efficiently than the traditional federal grants process. This model will endeavor to ensure that underserved communities can access funds more quickly and with fewer administrative burdens. The work previously conducted under the Environmental Justice Small Grants program will be managed by Grantmakers while allowing EPA to focus on assessment, planning, and project development.

RTI has extensive experience in grantmaking and providing technical support for equity-centered approaches that build collaborative environmentally based outcomes and will endeavor to ensure that EPA funds under the Thriving Community Grantmaker Program are managed and distributed to communities that are most in need of addressing health and environmental challenges. By increasing funding access and reducing administrative barriers, the EPA aims to empower disadvantaged communities to address long-standing environmental justice challenges. This approach aligns with the goals of Executive Orders 13985 and 14008, which prioritize equitable access to federal resources and emphasizes the need for inclusive decision-making processes that advance environmental justice nationwide.   


Activities:
As it relates to EPA Region 4, RTI will partner with the Southern Environmental Law Center (SELC), National Center for Healthy Housing, International City/County Housing, International City/Co",RESEARCH TRIANGLE INSTITUTE,IRA,Primary,Awarded,84084201,95000000,North Carolina,35.906235,-78.86136,27709,Research Triangle Park,,NC,66.615,Environmental Justice Thriving Communities Grantmaking,Protecting Communities,https://www.epa.gov/environmentaljustice/environmental-justice-thriving-communities-grantmaking-program,,01-31-2025,100.457816930121,78.6653917324571
4,1,2,44,10,10,,01-10-2025,Northwestern Environmental and Energy Justice TCTAC,"The agreement provides funding to Willamette Partnership. The recipient will engage with underserved and rural communities across the Northwest United States to build capacity pertaining to environmental and energy justice issues; provide direct technical assistance to communities and organizations; establish a community of practice focused on cohort learning and leadership development; and practice ethical storytelling and accountability when working with communities across the region. The Inflation Reduction Act (IRA) technical assistance (TA) funds issued to Willamette Partnership are specifically for the EJ TCTAC to coordinate and collaborate with the EJ Thriving Communities Grantmaking program recipients (Grantmakers) and/or provide additional technical assistance and support to applicants and subgrantee recipients funded through the Grantmaker program. The Grantmakers are considered Technical Assistance providers, who provide funding as well as technical assistance to applicants and subgrantee recipients addressing environmental concerns of disadvantaged communities. Per the EJ TCTAC Request for Applications (RFA), Funding Opportunity Number EPA-I-OP-OEJ-22 02, the EJ TCTACs are expected to coordinate with other Technical Assistance providers over the project period. 

Activities:
The activities include creating the Thriving Communities Technical Assistance Center (TCTAC) website and associated social media; creating a translation and interpretation plan; creating a technical assistance intake system; creating technical assistance materials; establishing a community engagement plan; creating community engagement materials; conducting direct technical assistance; and developing cohort learning templates. 

Outcomes:
The anticipated deliverables include an established TCTAC website and associated social media; a completed translation and interpretation plan; a technical assistance intake system; technical assistance materials;  a community engagement plan; community engagement materials; direct technical assistance; and cohort learning templates. The expected outcomes include strengthening of partnerships to address environmental justice opportunities and improvement in trust amongst communities, government, the private sector, and others. The intended beneficiaries include underserved communities where environmental, health, and economic burdens and capacity constraints co-occur, including Tribal and Indigenous communities, Black, Latinx, immigrant, and disabilities communities, especially those in remote and rural areas. 




Subrecipient:
Activities to be implemented by sub-awards include: facilitating community engagement activities; organizing technical assistance intake; creating technical assistance materials; assisting with direct technical assistance; supporting cohort learning; and leading a landscape scan to identify community engagement in Alaska.",WILLAMETTE PARTNERSHIP,IRA,Primary,Awarded,02J28701,3000000,Oregon,43.940453,-120.605255,,,,OR,66.309,Supplemental Funding for Thriving Communities Technical Assistance Centers (TCTACs) to coordinate and collaborate with the EJ Thriving Communities Grantmakers and/or provide technical assistance to applicants and subgrantee recipients of Grantmaker program.,Protecting Communities,https://www.epa.gov/environmentaljustice/environmental-justice-thriving-communities-technical-assistance-centers,,01-31-2025,389.142325244278,298.966264998991
5,1,2,119,10,10,,12-20-2024,Northwest Network for Environmental Justice-Subsequent Award,"OEJECR is providing within-scope supplemental funding to address additional Quality Assurance (QA) costs as well as provide funding for additional meaningful outreach and gap filling in remote, rural and hard-to-reach areas of the country, and territories with $2 Million in supplemental funds. Additionally, $8 Million of  supplemental funding will be distributed via additional subgrants for a total of $10 million of supplemental funding being provided to your Grantmaker for this work. 

Activities:
The activities in the Subsequent Award Phase include distribution and tracking of the Environmental Justice Thriving Communities Subgrants to eligible subrecipients, program evaluation, and grant close-out. The subsequent award will cover the eight months of program management following the end of the initial award which includes personnel, grant management systems, and travel. The supplemental funds will be used for quality assurance compliance costs and meaningful outreach to remote, rural, and hard-to-reach areas. Prior to distribution of subgrants Philanthropy Northwest will have established policies, including conflict of interest and cap amount award policies, have an approved quality management plan and quality assurance processes in place, and have financial and grant management systems in place. 

Outcomes:
The anticipated deliverables for the subsequent award only, include the distribution of over 200 Environmental Justice Thriving Communities Subgrants over 3 years. There will be an estimated 55 Tier 1 grants, 77 Tier 2 grants, and 43 Tier 3 grants awarded plus 72 fixed amount awards to severely capacity constrained entities. The expected outcomes include equitable distribution of subgrants to disadvantaged communities. The majority of the outcomes will be dependent on the subgrants funded but will increase environmental and community health in disadvantaged communities. The intended beneficiaries include disadvantaged communities as defined by the U.S. EPA Inflation Reduction Act (IRA) Disadvantaged Communities Map in Region 10. 



Subrecipient:
The subawards to the Affiliated Tribes of Northwest Indians (ATNI) and Native Americans in Philanthropy (NAP) will be used to support technical assistance to Philanthropy Northwest and rsquo;s program officers and grant administrators on culturally specific practices and protocols as they advise and assist with needs related to close-out activities. 
The remainder of subawards will be distributed to eligible subrecipients of the Thriving Communities Subgrants which will cover a variety of projects that include but are not limited to: air quality, water quality, small cleanup projects, improving food access, stormwater issues, green infrastructure, lead contamination, pesticides, emergency preparedness and disaster resiliency, environmental job training, and environmental justice training for youth.",PHILANTHROPY NORTHWEST,IRA,Primary,Awarded,02J63901,52000000,Washington,47.411617,-120.59282,,,,WA,66.615,Environmental Justice Thriving Communities Grantmaking,Protecting Communities,https://www.epa.gov/environmentaljustice/environmental-justice-thriving-communities-grantmaking-program,,01-31-2025,389.142325244278,298.966264998991
6,1,2,174,10,10,,01-08-2025,Pacific Northwest Environmental Justice Thriving Communities Center,"The agreement provides funding to the University of Washington. Specifically, the recipient will provide technical assistance (TA) services to Region 10 program participants that will strengthen their capacity and effectiveness in applying to and successfully managing environmental and energy justice (EEJ) grants and programs.

The Inflation Reduction Act (IRA) technical assistance (TA) funds issued to the University of Washington are specifically for the EJ TCTAC to coordinate and collaborate with the EJ Thriving Communities Grantmaking program recipients (Grantmakers) and/or provide additional technical assistance and support to applicants and subgrantee recipients funded through the Grantmaker program. The Grantmakers are considered Technical Assistance providers, who provide funding as well as technical assistance to applicants and subgrantee recipients addressing environmental concerns of disadvantaged communities. Per the EJ TCTAC Request for Applications (RFA), Funding Opportunity Number EPA-I-OP-OEJ-22-02, the EJ TCTACs are expected to coordinate with other Technical Assistance providers over the project period.

Activities:
The activities include online/in-person outreach and engagement with regional participants, establishment of funded partnerships to foster community leadership, hosting of workshops and trainings, and consultations with center-affiliated faculty and students. The center will provide program participants with assistance in (1) conducting environmental justice analyses and needs assessments, (2) identifying, applying for, and managing EEJ grants and programs, (3) facilitating meaningful engagement with other EEJ stakeholders and decision-makers, (4) building capacity to strengthen and focus their work on EEJ issues, and (5) fostering community leadership in EEJ solutions.

Outcomes:
The anticipated deliverables include creating a website, the number of program participants and partnerships, documented outreach efforts, utilization of services, evaluation reports from Advisory Board and program participants. The expected outcomes include program participants and rsquo; increased capacity and effectiveness in applying for environmental/energy justice opportunities, increased participation in defining technical service needs and offerings for the region, and successful development, implementation, and continuation of environmental and energy justice programs led by PNW-EJTC program partners. The intended beneficiaries include tribal, rural, remote, and other underserved areas across Region 10.

Subrecipient:
Smaller subawards will allow for a part time FTE staff member within their organization to focus on engaging with the center to receive TA and their organization and rsquo;s project related expenses, while medium subawards will allow for organization committing full time FTE staff member to receive TA. Larger subawards will allow for funding of larger consortia partners as described above to fund their staff and/or member organizations to receive TA from the center. The larger subawards may also include outreach in their role as a center partner, to amply the reach of the TCTAC to others in the region through word of mouth, collaborative networks, and connections between organizations that trust each other. The scope of each subaward and allowable expenses will be negotiated with each individual partner.",UNIVERSITY OF WASHINGTON,IRA,Primary,Awarded,02J28601,3000000,Washington,47.411617,-120.59282,,,Chelan County,WA,66.309,Supplemental Funding for Thriving Communities Technical Assistance Centers (TCTACs) to coordinate and collaborate with the EJ Thriving Communities Grantmakers and/or provide technical assistance to applicants and subgrantee recipients of Grantmaker program.,Protecting Communities,https://www.epa.gov/environmentaljustice/environmental-justice-thriving-communities-technical-assistance-centers,,01-31-2025,389.142325244278,298.966264998991
7,1,2,181,10,10,,06-14-2024,Northwest Network for Environmental Justice-Initial Award,"This agreement provides funding under the Inflation Reduction Act (IRA) to Philanthropy Northwest (PNW) as a Regional Grantmaker.  The recipient, along with partners, will use the initial award to establish and support the accessibility and equitable distribution of Environmental Justice Thriving Communities resources to historically underserved communities to improve environmental and community health and wellbeing through a pass-through subgrant program. Woven throughout the structure is a deliberate and intentional process to center community members in decision-making. During the project period, PNW s participatory governance approach will convene three groups: the Advisory Group, the Task Force and Peer Review Group, comprised of partners and community members. These groups will guide overall program development and implementation, help design applications and scoring rubrics, establish metrics for project outcomes, and evaluate applications. PNW will undertake strategic, targeted, and intentional outreach to ensure potential applicants throughout Region 10 are aware of the funding opportunity and encouraged to apply. The outreach strategy will include in-person events, webinars, a partner outreach toolkit, paid digital advertising, and regional-specific messaging. Additionally, four main systems will be used to support the efficient and effective grant award, disbursement, tracking, adjustment, and full expenditure: an easy-to-use grant application platform, a customized project and grants management system, and accounting software for financial management. PNW and rsquo;s plan for EPA and rsquo;s Environmental Justice Thriving Communities Grantmaking Program is anchored in PNW and rsquo;s core goal to disburse program funds expeditiously and equitably through the design and implementation of a simplified grantmaking process that: centers community voice and participatory grantmaking; leverages the knowledge and relationships of our partners; and addresses environmental justice issues for communities most in need.

Activities:
The activities in the Initial Award Phase include the following: recruit members and convene meetings of the Advisory Board, Task Force, and Peer Review group; co-design the grantmaking program including the application, evaluation criteria, and metrics; develop outreach strategy; launch project website; implement outreach activities such as in-person events, webinars, messaging toolkit, and media placements; establish project management tools including application portal, grants management system, and financial management system; establish a process for quality assurance project management with EPA regional office; develop and offer trainings for reviewers and subgrantees; provide technical assistance to applicants and subgrantees. 

Outcomes:
The anticipated deliverables include established Advisory Board, Task Force, and Peer Review group comprised of partners and community members; project website; an outreach toolkit; simplified grant application; customized grants management system; established financial management system; developed financial management and data reporting training for subgrantees. 

The expected outcomes include a grantmaking process established with participatory governance and an accessible grantmaking process. 

The intended beneficiaries include historically underserved communities in Region 10 which includes Alaska, Idaho, Oregon, Washington, and 271 Tribal Nations. 



Subrecipient:
This award will include subawards to three different entities. The subawards will support the design of the grantmaking program,  expertise on data sovereignty for Tribal communities, outreach and communications to Tribal communities and other partners about the program, application review, access to a application platform, application reviewer scoring tool, technical assistance with the application, grants management including the review process, reporting requirements, and",PHILANTHROPY NORTHWEST,IRA,Primary,Awarded,02J63801,8000000,Oregon,43.940453,-120.605255,,,,OR,66.615,Environmental Justice Thriving Communities Grantmaking,Protecting Communities,https://www.epa.gov/environmentaljustice/environmental-justice-thriving-communities-grantmaking-program,,01-31-2025,389.142325244278,298.966264998991
8,1,3,39,06,06,,06-25-2024,Texas Southern University Bullard Center Environmental Justice Thriving Communities Grant,"This agreement provides an initial funding of $4,917,247 to Texas Southern University under the Inflation Reduction Act (IRA  Texas Southern University will act as the Regional Grantmaker (RGM), in collaboration with Achieving Community Tasks Successfully (ACTS), for grantmaking activities. The total funding for Texas Southern University will be $50,000,000, split into two awards of an initial and subsequent grant. Both awards will be derived from the same funding source and will have separate yet overlapping timelines. The initial grant funds will allow the Regional Grantmaker to establish and carry out the proposed participatory governance, outreach, and system mobilization efforts. The aim is to establish the collection, review, selection, and distribution of the Environmental Justice Thriving Communities Subgrants. The technical support will be customized to each assistance request, developing robust and transparent structures. Texas Southern University will assist Community-Based Organizations (CBOs) and community leaders in establishing structures to ensure that incoming financial resources are distributed with equity and transparency. The proposed governance and accountability measures will be shared among the stakeholders to ensure transparency in the distribution of funds.







Activities:
The project activities during the Initial Award Phase include the establishment of hubs with two Historically Black Colleges and Universities (HBCUs) that will serve as a central point for community access to the grant-making program. A new Advisory Committee will be developed to oversee the grant-making program s design and operation. Guidelines and protocols will be established for reviewing subrecipient applications, providing technical support before and after funding awards, and collecting reports from subrecipients. Experienced vendors will be contracted to create a user-friendly process for submitting grants, managing the distribution of funding awards, and collecting reporting submissions. Furthermore, a consultant with extensive experience in program evaluation will be hired to develop and implement a process and outcome evaluation plan focused on overall efficacy and a plan for soliciting feedback from funded and potential applicants. This comprehensive approach aims to ensure the effective and efficient management of the grant-making program.












Outcomes:
The project anticipated deliverables include a multilingual website/landing page, and quarterly bilingual emails (in English and Spanish) which will be sent quarterly to the networks of Texas Southern University. Paid contractors/experts will use their methodology to distribute emails and hard copy materials throughout tribal nations. A webinar will also be hosted on a virtual platform that provides translation into multiple languages to advertise the availability of the funding opportunities. Additionally, in-person presentations and printed materials about the subaward opportunities will be incorporated at conferences, events at tribal nations, and community meetings. Three proposal preparation trainings will be held, each six months apart, during the first 1.5 years of the grantmaking program, to support organizations in preparing their proposals. The expected outcomes include an increase in knowledge about the grantmaking program among participants, which will enable them to assess whether their project may align with the funding criteria. Tools will be utilized by tribal consultants, tribal entities, Historically Black Colleges and Universities, and partner Community Based Organizations to reach eligible sub-recipients in the 66 tribal nations. The solicitation will receive a diverse set of applications that comprehensively represent Region 6 in terms of geography, language, culture and tribal nations. The intended beneficiaries of this program are Community Based Organizations (CBOs) in Arkansas, Louisiana, New Mexic",TEXAS SOUTHERN UNIVERSITY,IRA,Primary,Awarded,02F5550A,4917247,"Houston, TX",29.786009,-95.388565,,Houston,,TX,66.615,Environmental Justice Thriving Communities Grantmaking,Protecting Communities,https://www.epa.gov/environmentaljustice/environmental-justice-thriving-communities-grantmaking-program,,01-31-2025,141.34496945255,81.5349027688873
9,1,3,157,06,06,,12-18-2024,EJ-TCGM Subsequent Award - Region 6 The Bullard Center for Environmental and Climate Justice at Texas Southern University,"This agreement provides funding under the Inflation Reduction Act (IRA) to Texas Southern University. The recipient is a Regional Grantmaker (RGM), in collaboration with Achieving Community Tasks Successfully (ACTS), for the subsequent award grantmaking activities. The Grantmaker program will distribute $51,682,500 in subawards. An Advisory Committee will make the final determination of how many of each type of award (Tier I, II, or III, plus noncompetitive subawards) will be distributed. Additionally, Texas Southern University will develop a system that requires all funded subrecipients to provide progress reports for each 6-month period of funding.  Guidance including detailed information on what should be included in the progress report will be developed by the Advisory Committee and provided in English and Spanish and other languages as requested.  For subrecipients that have limited access to the internet, a paper version of the progress report will be accepted via email or mail.  Challenges noted in the progress reporting will be reviewed by the Program Manager, discussed with members of the Advisory Committee, and referred to EPA as soon as possible if needed. Each subrecipient will be informed of the required subrecipient progress report due dates and provided instructions on how to submit via the grant platform secured for the Regional Grantmaker program. The purpose of this award is to fund the subsequent award for the pass-through entity Texas Southern University. Two hundred ninety-six (296) grant applications will be awarded during the three-year project period that will consist of three grant cycles annually during years 1-3. 

An outside independent evaluator will be secured to develop and oversee an ongoing evaluation plan focused on soliciting feedback from potential applicants and awarded subrecipient to assess (1) the usefulness of shared grant application information, (2) disseminate stories from applicants on environmental or climate justice concerns and how they stand to benefit from the funding, (3) program improvement with applicant assessment feedback, and (4) increased knowledge of applicants to determine whether their projects align with the funding criteria. Evaluation will also focus on capacity built among EJ frontline organizations, the perception of changes achieved by subrecipients, particularly in underserved, disadvantaged and/or remote communities, and successes and lessons learned. A semi-annual review of collected data will be completed by the advisory committee in January and June annually, and an annual retreat will be held in Summer 2025 and 2026 to plan the upcoming year and rsquo;s grant program implementation.  An annual report of program deliverables will be available in Fall 2025 and 2026, and the final report including success stories will be available in Summer 2027.



Activities:
The activities in the Subsequent Award Phase include: Texas Southern University has hired various program staff who will oversee the program and rsquo;s operation and provide general project management and oversight of project implementation and evaluation; coordinate the advisory committee and proposed review teams; conduct outreach with state hubs and community-based organizations and translation services; serve as initial point of contact for eligible subrecipients through the application process and to awardees for reporting requirements. A conflict-of-interest plan has been created to ensure reviewers have completed the form and approved to participated in any upcoming grant application cycles.  An online grant application portal, dedicated to the grantmaker program, has been created for eligible subrecipients to apply for funding. A reviewer database has also been developed to include potential reviewers by area of expertise and community; the review criteria will be examined and approved by the advisory committee.

The Bullard Center and rsquo;s Program Manager and the Financial Admin",TEXAS SOUTHERN UNIVERSITY,IRA,Primary,Awarded,02F5550B,55082753,"Houston, TX",29.786009,-95.388565,,Houston,,TX,66.615,Environmental Justice Thriving Communities Grantmaking,Protecting Communities,https://www.epa.gov/environmentaljustice/environmental-justice-thriving-communities-grantmaking-program,,01-31-2025,141.34496945255,81.5349027688873
10,1,3,211,06,06,,12-27-2024,Community Investment Recovery Center (CIRC): A U.S. EPA Environmental Justice Thriving Communities Technical Assistance Center (TCTAC),"This action approves an award in the amount of $3,000,000 to the Deep South Center for Environmental Justice (DSCEJ), in Louisiana.
The Inflation Reduction Act (IRA) technical assistance (TA) funds issued to the enter name of TCTAC are specifically for the EJ TCTAC to coordinate and collaborate with the Environmental Justice Thriving Communities Grantmaking program recipients (Grantmakers) and/or provide additional technical assistance and support to applicants and subgrantee recipients funded through the Grantmaker program. The Grantmakers are considered Technical Assistance providers, who provide funding as well as technical assistance to applicants and subgrantee recipients addressing environmental concerns of disadvantaged communities. Per the EJ TCTAC Request for Applications (RFA), Funding Opportunity Number EPA-I-OP-OEJ-22-02, the EJ TCTACs are expected to coordinate with other Technical Assistance providers over the project period.

Activities:
The activities to be performed include, consulting with other Community Based Organizations (CBOs) to learn about the history of their communities and the capabilities of their organizations. The recipient will also and nbsp;build organizational capacities of least 250 CBOs in underserved communities within the Environmental Protection Agency s (EPA) Regions 4 and 6. and nbsp;Through the provision of direct services, DSCEJ will assist the CBOs in and nbsp;building their capacities for research and community engagement while also assisting them in applying for several different grants from the EPA, the Department of Energy (DOE), and other agencies. The reach and and nbsp;impact of the Community Investment and Recovery Center (CIRC) will be increased in an effort and nbsp;to sustain capacity-building services beyond the 5-year performance period of this grant.

Outcomes:
The anticipated deliverables include organizational development, identifying and prioritizing needs, providing education on priority environmental issues (air quality, soil contamination, clean energy, etc.), creating community profiles using data and mapping, relationship building, and training and assistance to build knowledge of federal funded programs. The expected outcomes include increased awareness, knowledge and understanding of grants among underserved communities, increased access to grant writing and management resources, and an increase to the number and quality of applications for funding related to environmental and energy justice from underserved communities in the Southeast Region. The intended beneficiaries of this grant include underserved communities throughout each of the states in EPA s Region 4: (Alabama, Florida, Georgia, Kentucky, Mississippi, North Carolina, South Carolina, Tennessee) and EPA s Region 6: (Arkansas, Louisiana, New Mexico, Oklahoma, Texas 

Subrecipient:
No subawards are included in this assistance agreement.",DEEP SOUTH CENTER FOR ENVIRONMENTAL JUSTICE INC,IRA,Primary,Awarded,13746681,3000000,Texas,31.447203,-99.317116,,,,TX,66.309,Supplemental Funding for Thriving Communities Technical Assistance Centers (TCTACs) to coordinate and collaborate with the EJ Thriving Communities Grantmakers and/or provide technical assistance to applicants and subgrantee recipients of Grantmaker program.,Protecting Communities,https://www.epa.gov/environmentaljustice/environmental-justice-thriving-communities-technical-assistance-centers,,01-31-2025,141.34496945255,81.5349027688873
11,1,3,252,06,06,,01-07-2025,South Central Environmental Justice Resource Center (SCEJRC) Thriving Communities Technical Assistance Center (TCTAC),"The agreement provides funding to New Mexico State University to lead an experienced team of community-based partners to create the South-Central Environmental Justice Resource Center. Specifically, the recipient will develop an Equitable Leadership Model; develop and deliver training on grant writing, environmental justice, Environmental Management System, and clean energy technology; develop a web-based portal that navigates access to technical assistance resources; and develop and deliver leadership programs.

The Inflation Reduction Act (IRA) technical assistance (TA) funds issued to New Mexico State University are specifically for the Environmental Justice (EJ) Thriving Communities Technical Assistance Centers (TCTAC) Program to coordinate and collaborate with the EJ TCTAC Grantmaking program recipients (Grantmakers) and/or provide additional technical assistance and support to applicants and subgrantee recipients funded through the Grantmaker program. The Grantmakers are considered Technical Assistance providers, who provide funding as well as technical assistance to applicants and subgrantee recipients addressing environmental concerns of disadvantaged communities. Per the EJ TCTAC Request for Applications (RFA), Funding Opportunity Number EPA-I-OP-OEJ-22-02, the EJ TCTACs are expected to coordinate with other Technical Assistance providers over the project period.

Activities:
The activities to be performed include training community partners on community-centered research strategies annually, developing and implementing a regional web-based portal that navigates access to technical assistance resources, developing and conducting grant writing training webinars twice a year, designing and hosting environmental justice and Environmental Management System training annually, creating and distributing a clean energy technology training video, creating and facilitating a ten-month Equity at Work Leadership Cohort, and facilitating a nine-course leadership program focused on ethics, policy, and diversity.

Outcomes:
The anticipated deliverables includes one environmental justice partnership database, multiple community event gatherings, one environmental justice hotline, five annual findings and insight reports created on participatory action research, one South Central Environmental Justice Resource Center web portal, four grant writing workshops, grant writing webinar presented quarterly, 50 organizations trained annually on grant writing, ten environmental justice business workshops, five annual Equity at Work cohorts facilitated, and five annual Environmental Justice Community Leadership Development Cohort facilitated.
The expected outcomes include more community members equipped to lead an ongoing dialogue about equity and justice in their communities, greater resources distributed to rural and underserved communities, community organizations equipped with a stronger skillset to apply for grant funding, workshop participants having a better understanding of environmental justice within their communities, and community leaders equipped with increased leadership capabilities.
The intended beneficiaries are community-based organizations, businesses, tribes, and residents of Arkansas, Louisiana, New Mexico, Oklahoma and Texas.

Subrecipient:
Beloved Community activities include deploying Participatory Action Research with communities and businesses, training community partners on community-centered research strategies/processes, collating community insights into annual findings and disseminating to stakeholders and the public, and hosting an Equity at Work leadership cohort. LifeCity activities include creating environmental justice and Environmental Management System training, support creation of the web-based portal, and creating a communication plan and branding for the center. University of Texas at Arlington-Texas Manufacturing Assistance Center activities include delivering four Environmenta",NEW MEXICO STATE UNIVERSITY,IRA,Primary,Awarded,02F33801,3000000,New Mexico,34.421303,-106.108444,,,,NM,66.309,Supplemental Funding for Thriving Communities Technical Assistance Centers (TCTACs) to coordinate and collaborate with the EJ Thriving Communities Grantmakers and/or provide technical assistance to applicants and subgrantee recipients of Grantmaker program.,Protecting Communities,https://www.epa.gov/environmentaljustice/environmental-justice-thriving-communities-technical-assistance-centers,,01-31-2025,141.34496945255,81.5349027688873
12,1,4,148,08,08,,12-19-2024,EJ-TCGM Subsequent Award - Mountains and Plains Environmental Justice Grants Hub,"This agreement provides funding under the Inflation Reduction Act (IRA) to JSI Research  and amp; Training Institute. The recipient is the Regional Grantmaker for Region 8 JSI, together with their partners, proposes to establish the Mountains and Plains Environmental Justice Grants Hub ( and ldquo;MAP EJ Grants Hub and rdquo;) as the Region 8 Thriving Communities Grantmaker, acting as a pass-through entity to provide $ 40 million in grant funds via subawards to community-based nonprofit organizations and other eligible subrecipient groups representing underserved and disadvantaged communities in Region 8. In addition, $2 million will be used to achieve measurable environmental, public health, and quality of life improvements in the most overburdened, vulnerable and underserved communities by co-designing an equitable and inclusive grantmaking application and participatory governance scoring process, engaging in robust, diverse, and culturally responsive outreach to communities across Region 8, implementing subgrant management that reduces the burden on subgrantees, and engaging in monitoring, evaluation, and reporting that ensures the integrity, compliance, and impact of the program. The purpose of this award is to fund the subsequent award for the pass-through entity JSI Research  and amp; Training Institute.

The Award 2 supplemental funding will be used to increase the total amount of pass-through
subawards to $48,000,000. The following outlines our projected subaward costs for each year.
We anticipate three application/granting cycles with 120 competitive Tier 1 subgrants, 24
noncompetitive Tier I subgrants, 62 Tier II subgrants, 36 Tier III subgrants. Estimates are
influenced by project period timing for each tier. Please note that in order to be responsive to
community needs, the estimated distribution of subaward tier numbers (including competitive
and noncompetitive) are tentative and will be updated after each cycle based on the actual
number of applications received.

Activities:
The activities in the Subsequent Award Phase include the distribution of $48 Million in subaward to eligible entities serving disadvantaged communities throughout Region 8. Eligible entities include the following: Nonprofit organizations, Tribal governments (both federally recognized and state-recognized) and intertribal consortia, local governments, Institutions of Higher Education, and Native American Organizations. Additional activities include the management, reporting, and closeout of subawards in accordance with EPA and other Federal regulations and policies. 
Details of Activities are specified below:
 and bull;	Funds disbursement and management
 and bull;	Support and technical oversight to subgrantees 
 and bull;	Monitoring and reporting for subgrants

Prior to the Drawdown of funds of this Award the following Milestones will have had to been met and acknowledged by Project Officer:
 and bull;	Award 1 Workplan Negotiation completed
 and bull;	Quality Management Plan
 and bull;	Conflict of Interest Policy 
 and bull;	Develop draft Performance Measurement and Monitoring Plan; update on an annual basis  
 and bull;	Confirm additional statutory partnerships
 and bull;	Finalize all letters of commitment and participatory governance checklist
 and bull;	Collaborative procurement process for contractors (translation/interpretation services, 508 accessibility services, etc.)
 and bull;	Applications drafted (considering different processes for Tier 1 and Tier 2/3 applications) 
 and bull;	Determine process for TCTAC  and amp; National TCGM referrals
 and bull;	Complete information gathering for landscape analyses (multiple ones depending on each state/tribe) 
 and bull;	Build external website/social media presence (Wordpress website)
 and bull;	Build and launch project management database (Salesforce), tracking and reporting system
 and bull;	Develop grants management toolkit
 and bull;	Develop and implement language access plan (digital, print materials, spoken needs)
 and bull;	Create",JSI RESEARCH & TRAINING INSTITUTE INC,IRA,Primary,Awarded,00I50002,52000000,Colorado,38.99853,-105.54782,,,,CO,66.615,Environmental Justice Thriving Communities Grantmaking,Protecting Communities,https://www.epa.gov/environmentaljustice/environmental-justice-thriving-communities-grantmaking-program,,01-31-2025,168.483804438839,83.7385594695187
13,1,4,151,08,08,,12-27-2024,Mountains and Plains Thriving Communities Collaborative (MaPTCC),"The agreement provides funding to Montana State University (MSU  Specifically, MSU will deliver effective, no-cost technical assistance (TA) to individuals and organizations committed to energy and environmental justice in Region 8, especially representatives of underserved and overburdened geographies among the Region and rsquo;s 28 federally-recognized Tribes and in urban, remote and rural locations. MSU Mountains and Plains Thriving Communities Collaborative (MaPTCC) TA offerings aim to build capacity among program participants in the areas of the ability to succeed in grant application and management processes, understanding of funding sources and grant requirements, and the ability to participate and engage effectively in environmental and energy justice decision-making. 

The Inflation Reduction Act (IRA) technical assistance (TA) funds issued to the MSU Mountains and Plains Thriving Communities Collaborative (MaPTCC) are specifically for the EJ TCTAC to coordinate and collaborate with the EJ Thriving Communities Grantmaking program recipients (Grantmakers) and/or provide additional technical assistance and support to applicants and subgrantee recipients funded through the Grantmaker program. The Grantmakers are considered Technical Assistance providers, who provide funding as well as technical assistance to applicants and subgrantee recipients addressing environmental concerns of disadvantaged communities. Per the EJ TCTAC Request for Applications (RFA), Funding Opportunity	

Number EPA-I-OP-OEJ-22-02, the EJ TCTACs are expected to coordinate with other Technical Assistance providers over the project period.


Activities:
The activities include: 

(1) conducting outreach, marketing and recruitment through the management of website, social media and other marketing tools and in-person engagements; (2) providing networking and coordination within the broader TCTAC and regional TA professional communities; (3) direct community resource and engagement services such as providing general information, coordination and planning capacity, developing and supporting the use of customized products such as readiness assessments and funding strategies, referrals to training programs and TA services, mentorship and encouragement, and support for facilitating meetings and peer networking including translation, interpretation and accessibility services; (4) maintenance of a digital resource center which serves as a participant database system and communications backbone; (5) development and delivery of capacity-building training programs; (6) the delivery of specialized support to program participants through custom workshops and consultations by subject matter and technical experts in the areas of community development, environmental and energy justice, and clean energy development, and (7) project management, evaluation and reporting.


Outcomes:
The anticipated deliverables include a public-facing website, as well as the ability to make requests and inquiries via text, phone and email; a digital resource center serving grant announcements, modular trainings, and customized portfolios for program participants and mdash;and associated datasets of participant and provider contacts; organizational funding and sustainability plans for program participants. 

The expected outcomes include increasing program participants and rsquo;, particularly underserved and rural/remote communities, access to and awareness of grant opportunities, knowledge of the grant application and management process, understanding of financing sources and grant requirements, and the ability to participate and engage in environmental and energy justice decision-making. Expected outcomes of this program are the increased capacity in to advance and address environmental and energy justice issues across Region 8. This will lead to progress towards achieving the objectives of Executive Orders 13985, 14008, 14091 and 14096. 

The intended beneficiarie",Montana State University,IRA,Primary,Awarded,00I10501,3000000,Montana,47.033424,-109.64515,,,,MT,66.309,Supplemental Funding for Thriving Communities Technical Assistance Centers (TCTACs) to coordinate and collaborate with the EJ Thriving Communities Grantmakers and/or provide technical assistance to applicants and subgrantee recipients of Grantmaker program.,Protecting Communities,https://www.epa.gov/environmentaljustice/environmental-justice-thriving-communities-technical-assistance-centers,,01-31-2025,168.483804438839,83.7385594695187
14,1,4,307,08,08,,07-30-2024,Mountains and Plains Environmental Justice Grants Hub,"The agreement provides funding to JSI Research and Training Institute Inc. Specifically, the recipient will establish the Mountains and Plains Environmental Justice Grants Hub ( and ldquo;MAP EJ Grants Hub and rdquo;) as the Region 8 Thriving Communities Grantmaker, acting as a pass-through entity to provide grant funds via subawards to community-based nonprofit organizations and other eligible subrecipient groups representing underserved and disadvantaged communities in Region 8. The MAP EJ Grants Hub will include a council ( and ldquo;MAP EJ Council and rdquo;) comprised of community-based organizations representing all six states within Region 8 (and intersecting with Tribal Nations), diverse populations (ranging from rural, frontier, and urban areas), cultures, and environmental justice focus areas (including air, water, energy, land use, food systems, and working with youth  JSI will introduce the MAP EJ Grants Hub program goals and objectives, outline the participatory governance structure of the MAP EJ Council, and obtain greater understanding of EPA and rsquo;s Thriving Communities aims and structures, identify key players to engage in the co-design convening, determine roles and responsibilities, and outline next steps. Additionally, JSI will convene the EPA officials, JSI and rsquo;s staff, MAP EJ Council, and Community-Centric Fundraising to engage in a participatory co-design process to determine subgrant application criteria for competitive subgrant applications as well as reporting and evaluation criteria. Finally, the selectee will develop a Quality Management Plan to apply to the initial and subsequent Grantmaker award as well as collaborate with EPA and the national Grantmaker to develop and administer QAPPs for subgrantees. 


Activities:
The activities in the Initial Award Phase include the following:
Establish MAP EJ grants hub
- Establish collaboration and coordination with EPA (cooperative agreement)
- Co-design an equitable and inclusive grantmaking application and participatory governance scoring process
- Establish workflows with TCTAC and National TCGM
Engage in robust, diverse, and culturally responsive outreach to communities across the region
- Provide Training and Technical guidance on grant application and submission process
- Conduct workshops and presentations on grant application and award process
- Stand-alone materials and products
- Promote and maintain grant application and training products on the project website
- Deliver ongoing technical guidance throughout the grant application process
Select Communities
- Establish criteria for selection of community sub-awardees
- Issue a call for proposals
- Select communities based on predetermined criteria
Implement subgrant management that reduces the burden on subgrantees
- Support and technical oversight to subgrantees
- Facilitate EJ Community of practice
- Obtain  and amp; incorporate feedback from subrecipients
Evaluation. 
Engage in monitoring, evaluation, and reporting that ensures the integrity, compliance, and impact of the program


Outcomes:
The anticipated deliverables include:
Developed tools and methods to ensure subgrant program is accessible to Eligible Subrecipients, especially in underserved communities and communities in remote and rural areas.
Documented Outreach Efforts (e.g., webinars, in-person workshops, conference presentations) undertaken to make program participants and especially underserved communities and communities in remote and rural areas aware of their services.
- Number of webinars/workshops and participants per webinar/workshops
- Participant satisfaction/feedback on webinars, workshops or conference presentations
- Number and description of outreach materials developed and resources created
- User satisfaction with timeliness, quality and utility of outreach and training materials
- Number and type of EJ communities/ organizations accessing or utilizing application resources
Selected C",JSI RESEARCH & TRAINING INSTITUTE INC,IRA,Primary,Awarded,00I50001,8000000,Colorado,38.99853,-105.54782,,,Park County,CO,66.615,Environmental Justice Thriving Communities Grantmaking,Protecting Communities,https://www.epa.gov/environmentaljustice/environmental-justice-thriving-communities-grantmaking-program,,01-31-2025,168.483804438839,83.7385594695187
15,1,5,42,01,01,,01-14-2025,Environmental Justice Thriving Communities Technical Assistance Center Region 1,"The agreement provides funding to the University of Connecticut. Specifically, the recipient will build capacity in New England (EPA Region 1) underserved and rural/remote communities to address environmental and energy justice concerns, serving as a resource and technical assistance hub. The New England EJ TCTAC will provide technical assistance services, education, outreach and community engagement on environmental quality and health, energy justice, climate adaptation, and civic justice. It will feature a Community Based Organization Engagement program, with urban, rural and Tribal outreach components. The proposed EJ TCTAC Region 1 is centered around two objectives:
To support any eligible entity in underserved communities that engages with the EJ TCTAC to pursue federal and state funding to solve environmental, energy and climate challenges; and, to pursue deep engagement with Community-Based Organizations (CBOs), increase capacity and facilitate cooperation with local and regional government entities, as well create inter-CBO cooperative networks to prioritize, plan and pursue funding to solve environmental, energy and climate challenges in underserved communities.

The Inflation Reduction Act (IRA) technical assistance (TA) funds issued to the Region 1 TCTAC are specifically for the EJ TCTAC to coordinate and collaborate with the EJ Thriving Communities Grantmaking program recipients (Grantmakers) and/or provide additional technical assistance and support to applicants and subgrantee recipients funded through the Grantmaker program. The Grantmakers are considered Technical Assistance providers, who provide funding as well as technical assistance to applicants and subgrantee recipients addressing environmental concerns of disadvantaged communities. Per the EJ TCTAC Request for Applications (RFA), Funding Opportunity Number EPA-I-OP-OEJ-22-02, the EJ TCTACs are expected to coordinate with other Technical Assistance providers over the project period.

Activities:
The activities include providing assistance related to environmental and energy justice grants, including planning, grant writing training, identification of funding sources, consultation on data collection and analysis, grant application reviews and post-award management training. Support with community engagement efforts related to EJ projects will also be provided. These resources will be initiated through targeted outreach and training for CBOs that will be structured programs targeting underserved rural, urban, and Tribal communities throughout the region.

Outcomes:
The anticipated deliverables include materials developed for all webinars and workshops and webinar recordings; community needs assessments, stakeholder analyses, project and grant planning documents, and quarterly financial and technical reports of the subawards provided to the CBOs, including the engagement and outreach activities of the participating EJ Change Agents (community meeting minutes, training materials  Additional outputs of the program include the following:
 and bull;	Management, financial and technical reporting to EPA
 and bull;	Internal dashboard for project management
 and bull;	Slack channels for stakeholder interaction
 and bull;	Presentations at regional and national conferences
 and bull;	Development/maintenance of the website including external tracking dashboard, EJTASK printed materials, newsletters, social media posts
 and bull;	Funding roadmap platform
 and bull;	Advisory Board meeting minutes
The expected outcomes include: 
 and bull;	Improved knowledge and awareness of stakeholders of environmental and energy issues and available funding programs 
 and bull;	Increased number of grant applications submitted to federal, state and private foundation programs
 and bull;	Increased communication between stakeholders and potential partners
 and bull;	Increased understanding of grant application and management requirements
 and bull;	Increased efficiency and quality of grant applicati",UNIVERSITY OF CONNECTICUT,IRA,Primary,Awarded,00A01452,2000000,Connecticut,41.575165,-72.73826,,,,CT,66.309,Supplemental Funding for Thriving Communities Technical Assistance Centers (TCTACs) to coordinate and collaborate with the EJ Thriving Communities Grantmakers and/or provide technical assistance to applicants and subgrantee recipients of Grantmaker program.,Protecting Communities,https://www.epa.gov/environmentaljustice/environmental-justice-thriving-communities-technical-assistance-centers,,01-31-2025,20.9702646594103,33.1884156484291
16,1,5,65,01,01,,01-03-2025,Grantmaker - Subsequent Award,"This agreement provides funding under the Inflation Reduction Act (IRA) to Health Resources in Action (HRA  The recipient is a Regional Grantmaker and the purpose of this award is to fund the subsequent award for the pass-through entity HRA to partner with two core partners, Alternatives for Community and the Environment (ACE) and Grassroots Fund, to manage and implement a comprehensive Environmental Justice (EJ) Thriving Communities Grantmaker (TCGM) program to support community-based organizations (CBOs), environmental justice (EJ) organizations, nonprofit, and other eligible entities representing underserved, rural, urban, Indigenous, remote, and capacity constrained communities in implementing projects to address local environmental and/or public health challenges in Region 1. Additional Anchor partners will provide outreach and support to prospective applicants within their service areas and to Federally and State recognized tribes, and Tribal and Indigenous People Serving Organizations. HRA will redistribute 80% of total awards to communities through competitive and noncompetitive subgrants. The remainder will be used for administration and closeout costs to document project results. HRA will begin accepting proposals in December 2024, evaluate submissions on a regular basis and select the first recipients in 2025. The last project selections will be made in June 2026, with all projects completed within established deadlines. TCGM subgrants will be available for three distinct phases of community-readiness. Tier I subgrants will be one-year up to $150,000 for assessment projects, Tier II subgrants will be 1-2 years up to $250,000 for planning projects, and Tier III subgrants are up to two years for a maximum of $350,000 for implementation projects. Tier I, Tier II, and Tier III subgrants will address a range of environmental issues and consist of a variety of project types. For Tier 1 subgrants (Assessment), communities will gather information, assess, and understand the environmental problem(s) before developing and implementing plans to address and eventually resolve the problem(s  The Tier II subgrants (Planning) will be available for eligible subrecipients who already have a strong understanding of their local environmental and/or public health issues and are ready to formulate a plan to address those issues. The Tier III subgrants (Project Development) will be available for eligible subrecipients who already have a strong understanding of their local environmental and/or public health issues, have already formulated a plan addressing those issues, and/or are ready to design and/or implement the project. HRA will offer a limited number of noncompetitive subgrants for severely capacity-constrained communities and organizations.  Eligibility and application requirements for all submissions will be publicly posted.

Activities:
The activities in the Subsequent Award Phase include releasing and promoting the funding opportunity; the selection of subgrant recipients; disbursing awards and funds; managing the subgrant application in-take processes, evaluations, award process; providing capacity building training and technical assistance to subrecipients; soliciting and incorporating feedback on grant process from applicants; disseminating project results from funded subrecipients and success stories to the public; regularly monitoring progress of fund expenditures in compliance with federal regulations, terms and conditions of cooperative agreements, and ensuring that all funds received by the pass-through entities are expended within the 3-year project period per the requirements of Section 138(b)(1) of the Clean Air Act (CAA); providing technical support to subrecipients to assist in data collection, tracking, evaluation, and reporting of information in alignment with achieving project outputs and outcomes; provide quality project oversight for funded subrecipients including virtual and in-person site","HEALTH RESOURCES IN ACTION, INC.",IRA,Primary,Awarded,00A01512,52000000,Massachusetts,42.358463,-71.68353,,,,MA,66.615,Environmental Justice Thriving Communities Grantmaking,Protecting Communities,https://www.epa.gov/environmentaljustice/environmental-justice-thriving-communities-grantmaking-program,,01-31-2025,20.9702646594103,33.1884156484291
17,1,5,165,01,01,,09-11-2024,Initial EJ Thriving Communities Grantmaking Program (EJ TCGM) - National Grantmaker_ISC,"The purpose of this funding is to provide the Initial Award of $12,000,000 to the Institute for Sustainable Communities (ISC), as the eastern National Grantmaker, as part of a bifurcated award for passthrough grantmaking activities authorized by CAA 138(b  The Institute for Sustainable Communities (ISC) National Grantmaker project will be funded by the Inflation Reduction Act (IRA) appropriations at the level totaling $50,000,000 divided into two awards of an Initial and Subsequent Award.  This bifurcated award is derived from the same funding source but maintaining separate but overlapping timelines that meet the overall requirements of the award.  The Initial Award grant funds will enable the Grantmaker to perform the tasks needed to establish and carry out the proposed participatory governance, outreach, and system mobilization efforts for establishing the collection, review, selection, and distribution of the EJ Thriving Communities Subgrants. Through the ISC team and rsquo;s extensive experience in grantmaking and providing technical support for equity-centered approaches that build environmental justice outcomes, they will ensure that EPA funds under the Thriving Community Grantmaker Program are channeled to communities that are most in need to address the health and environmental environmental challenges.  The Institute for Sustainable Communities has been selected to serve as the  National-Eastern Grantmaker providing support to communities across EPA Regions 1-3. ISC s diverse team brings expertise in managing two national grantmaking programs alongside their online platform they are developing for the National EJ Thriving Communities Technical Assistance Center an easy-to-use Eastern National Evaluation and Tracking System.  This system will be designed to track grantmaking data for Regions 1, 2 and 3; and, through a Data Visualization Hub, illustrate successes and outcomes of the TCGM Program for EPA Regions 1, 2 and 3.

Activities:
The Institute for Sustainable Communities, ISC, as the Eastern National Grantmaker, will undertake the following activities of this Initial award setting up and providing: 1)Coordination services to the Regional Grantmakers for EPA Regions 1, 2 and 3, supporting them with regular meetings, assistance with the development of their regional Grantmaking applications and intake processes, and other support requests through developing a Needs Assessment g., language translation and access, Tribal outreach, or developing Quality Assurance monitoring processes along with coordination with the other National Grantmakers); 2) Development of an Eastern National Grantmaker Website, that will include a Data Visualization Hub and Eastern National Evaluation and Tracking System with public-facing grantmaking information and data tracking and evaluation tools for Regional Grantmakers and applicants in EPA regions 1, 2 and 3. This tool will facilitate outreach, partnerships, and access to data, technical assistance, and resources that community based organizations  (CBOs) may need in the application or subaward management process; 3) Annual Knowledge Sharing convenings with Eastern Regional Grantmakers, delivery of biannual webinars, workshops, and other capacity-building and training across various topics identified by the Region 1, 2 and 3 Grantmakers needed to support their efforts and their Sub-awardees, as well as the overall success of the TCGM program; 4) ISC will establish equitable participatory governance including facilitated participatory governance training for greater understanding and implementation of equity, and inclusion in the decision-making process regarding the implementation of grants processing; 5) systems mobilizations efforts through the establishment of a CBO Advisory council to assist with application development and review. ISC will have equitable participatory governance through the establishment of a Community Based Organization Advisory council to assist w",INSTITUTE FOR SUSTAINABLE COMMUNITIES,IRA,Primary,Awarded,84082001,12000000,Vermont,44.07525,-72.66263,,,,VT,66.615,Environmental Justice Thriving Communities Grantmaking,Protecting Communities,https://www.epa.gov/environmentaljustice/environmental-justice-thriving-communities-grantmaking-program,,01-31-2025,20.9702646594103,33.1884156484291
18,1,5,222,01,01,,07-30-2024,Grantmaking to Build Sustained EJ Capacity and Networks Across EPA Region 1,"This funding will provide the initial award of $8,000,000 to the recipient, HRA  and ndash; Health Resources in Action, as the Region 1 Grantmaker, as part of the bifurcated award for grantmaking activities authorized by Clean Air Act (CAA) Section 138(b  HRA will be funded by Inflation Reduction Act (IRA) appropriations totaling $40,000,000 divided into an initial and subsequent award. These funds for this initial award will be used by the recipient to design and manage a comprehensive environmental justice (EJ) grant program which will support community-based organizations (CBOs) and other entities representing underserved urban, rural, indigenous, remote, and capacity-constrained communities to implement projects which address local environmental and public health challenges in Region 1. HRA will partner with two core partners, Alternatives for Community and the Environment, Inc. (ACE) and New England Grassroots Fund (Grassroots Fund),  and ldquo;the project team (PT) and rdquo;, to engage seven EJ CBOs (one from each of the six New England states and one for the regional tribes) who will act as  and ldquo;anchor partners and rdquo; and collaborate with the PT to provide additional support and outreach to prospective applicants in their respective states and tribal regions. This collaborative process will directly resource the seven anchor partners, support community engagement and relationship building throughout Region 1, and support CBOs and indigenous-led organizations to build out a grantmaking program rooted in equitable participation which centers the voices of those impacted by environmental injustices.

Activities:
As part of the initial award phase of the bifurcated award, the recipient, HRA  and ndash; Health Resources in Action, will develop a participatory review process, which will include the creation of a Governance Council comprised of 12-15 members, a Grantmaking Committee comprised of 12-15 members, as well as the selection of up to 100 grant readers. The recipient will develop a request for proposal, determine eligibility and selection criteria for the grantmaking program, create application questions and criteria, select key deadlines, establish program submission guidelines, develop program priorities, and establish a grant review process. Collectively, through the participatory review process, the recipient will develop a framework for applications and application submissions, application evaluation, and subgrantee reporting requirements, will promote the program, will engage underserved and capacity-constrained communities throughout Region 1, and promote environmental justice. 

Outcomes:
In the initial award phase of the bifurcated award, the anticipated deliverables include the development of the Environmental Protection Agency (EPA) Region 1 Thriving Communities Grantmaking Program; development of the grantmaking program selection and eligibility criteria, deadlines, priorities, and submission process; development of the request for proposal (RFP) for the grantmaking program; review and evaluation of project applications; increasing capacity of underserved and capacity-constrained communities to respond to environmental justice challenges; facilitating opportunities for networking and collaboration in communities throughout Region 1; development and implementation of a comprehensive and equitable outreach and engagement strategy; creation of an online platform for applications and submissions; provision of virtual and in-person meetings on training and technical assistance and collaborative networking; completed review of applications; development of technical assistance (TA) and capacity-building processes; developing tracking procedures for protocols; monitoring and tracking subaward activities and progress; submission of data from subgrantees to tracking database; and successful reporting and compliance with EPA terms and conditions.

In the initial award phase of the bifurcated award, the anti","HEALTH RESOURCES IN ACTION, INC.",IRA,Primary,Awarded,00A01511,8000000,Massachusetts,42.358463,-71.68353,,Milford,Worcester County,MA,66.615,Environmental Justice Thriving Communities Grantmaking,Protecting Communities,https://www.epa.gov/environmentaljustice/environmental-justice-thriving-communities-grantmaking-program,,01-31-2025,20.9702646594103,33.1884156484291
19,1,5,302,01,01,,12-27-2024,Institute for Sustainable Communities Nat'l GM - Subsequent Award,"This agreement provides funding under the Inflation Reduction Act (IRA) to the Institute for Sustainable Communities (ISC) in the amount of $48,000,000, as part of a bifurcated award for passthrough grantmaking activities authorized by CAA 138(b  ISC and rsquo;s National Grantmaker project will be funded by Inflation Reduction Act appropriations for a total amount of $60,000,000 divided into two awards of an Initial and Subsequent Award. The bifurcated award is derived from the same funding source but maintaining separate but overlapping timelines and distinct workplans that meet the overall requirements of the award.  

This agreement provides funding for the Subsequent Award, which will enable ISC as the Eastern National Grantmaker to 1) provide subawards to eligible entities in EPA Regions 1, 2, and 3 that fill gaps identified in the regional Grantmaker programs, particularly in hard to reach areas, 2) build the capacity of subawardees to carry out their projects and address environmental challenges through regular workshops, peer learning sessions, and consultations with technical practitioners; 3) build out and maintain a Thriving Communities Grantmaker program data visualization and communications platform that provides the public with details about the Grantmaker program and the subawards supporting projects in urban, rural, remote, and Tribal communities to address environmental issues, and 4) coordinate with the other National Grantmakers to support the overall success of the Thriving Communities Grantmaker program. 

Activities:
The Institute for Sustainable Communities, as the Eastern National Grantmaker, will undertake the following activities in the Subsequent Award phase:   

 - Implement a timely and efficient subaward process that distributes funding to eligible entities in impacted communities, with an emphasis on communities referred by the regional Grantmakers in EPA Regions 1, 2, and 3 and the Advisory Council members in order to fill gaps in the regional programs. This subaward process will comply with EPA subaward policy and 2 CFR 200.  

- Conduct post award monitoring of subgrantees to ensure compliance and assess progress with regular reporting on the outcomes of the funded projects. 

- Provide ISC subawardees and Regions 1-3 Grantmakers with virtual learning sessions on topics and tools such as financial management, monitoring and evaluation, audit processes, quality assurance, and 2 CFR 200 compliance requirements.   

- Implement an Eastern National evaluation and tracking system that allows regional Grantmakers in R1-3 to share and track data. This system will be part of the Eastern National Grantmaker website, which will also host the data visualization platform to aggregate and share information about the geographic distribution and types of projects supported through subawards.  

- Implement and manage social impact storytelling to communicate and amplify the impact of the program, showcasing how the program is reaching underserved communities with support to address environmental issues and lowering barriers to accessing federal funds for eligible entities in communities facing capacity constraints.  

- Coordinate with the other National Grantmakers to facilitate information exchange, knowledge building, consistency of data across regions, and to ensure the overall successful implementation of the Thriving Communities Grantmaker program.  

The activities in the Initial Award focused specifically on ISC and rsquo;s systems mobilization to set up the program as the Eastern National Grantmaker and providing coordination and capacity building support to the systems mobilization efforts of the R1, 2, and 3 Grantmakers.  
 
The activities in this Subsequent Award are focused on the implementation and monitoring of subawards, providing compliance support and guidance to Regional Grantmakers and to subawardees, and evaluation, communications and storytelling for the Thri",INSTITUTE FOR SUSTAINABLE COMMUNITIES,IRA,Primary,Awarded,84082901,48000000,Vermont,44.07525,-72.66263,,,,VT,66.615,Environmental Justice Thriving Communities Grantmaking,Protecting Communities,https://www.epa.gov/environmentaljustice/environmental-justice-thriving-communities-grantmaking-program,,01-31-2025,20.9702646594103,33.1884156484291
20,1,6,57,03,03,,12-30-2024,Mid-Atlantic Thriving Communities Hub (MATCH),"The agreement provides funding to National Wildlife Federation (NWF  Specifically, NWF will work with core partners (UMD CEEJH and UMD EFC) to design, operate, and lead a Mid-Atlantic Thriving Communities Hub (MATCH) to be an Environmental Justice Thriving Communities Technical Assistance Center for EPA Region 3, serving the states of DE, MD, PA, VA, and WV, as well as the District of Columbia. NWF will work closely with multiple community-based partners as core partners selected due to their experience and expertise in environmental and energy justice work.

The Inflation Reduction Act (IRA) technical assistance (TA) funds issued to National Wildlife Federation are specifically for the EJ TCTAC to coordinate and collaborate with the EJ Thriving Communities Grantmaking program recipients (Grantmakers) and/or provide additional technical assistance and support to applicants and subgrantee recipients funded through the Grantmaker program. The Grantmakers are considered Technical Assistance providers, who provide funding as well as technical assistance to applicants and subgrantee recipients addressing environmental concerns of disadvantaged communities. Per the EJ TCTAC Request for Applications (RFA), Funding Opportunity Number EPA-I-OP-OEJ-22-02, the EJ TCTACs are expected to coordinate with other Technical Assistance providers over the project period. 

This action incrementally funds the grant in the amount of $3,000,000. 


Activities:
Using core partners and community-based hubs, this project will provide outreach to communities in need of technical assistance and increase capacity and knowledge related to environmental and energy justice concerns. 

Outcomes:
The expected outcomes of this project include: gained knowledge and skills needed to understand and assess environmental and energy justice issues and to engage policymakers, government agencies, and industry; and an increase in financial, technical, and institutional knowledge, resources, and skills to assess, design, implement, maintain, and pay for environmental and energy justice related projects. The intended beneficiaries include communities that are underserved, overburdened, resource-constrained, and rural in all Region 3 areas: DE, MD, PA, VA, WV, and DC.


Subrecipient:
Core partners National Wildlife Federation, University of Maryland Center for Community Engagement, Environmental Justice, and Health (CEEJH) and University of Maryland Environmental Finance Center (EFC), will design, operate and lead a Mid- Atlantic Thriving Communities Hub (MATCH) to be an Environmental Justice Thriving Communities Technical Assistance Center for EPA Region 3, serving the states of DE, MD, PA, VA, and WV and DC. NWF will work closely with multiple community-based partners as core partners selected due to their experience and expertise in environmental and energy justice work. Using a  and lsquo;hub and rsquo; approach, the core partners (1 subaward for UMD) will act as  and lsquo;core hubs and rsquo;, and the community-based  and lsquo;hubs and rsquo; (10 subawards) will allow for service delivery to be more accessible to potential program participants, both geographically as well as culturally, due to their on-the-ground community presence.",NATIONAL WILDLIFE FEDERATION,IRA,Primary,Awarded,95314201,3000000,Virginia,37.51087,-78.66636,,,Buckingham County,VA,66.309,Supplemental Funding for Thriving Communities Technical Assistance Centers (TCTACs) to coordinate and collaborate with the EJ Thriving Communities Grantmakers and/or provide technical assistance to applicants and subgrantee recipients of Grantmaker program.,Protecting Communities,https://www.epa.gov/environmentaljustice/environmental-justice-thriving-communities-technical-assistance-centers,,01-31-2025,34.5594622392125,32.8352366724487
21,1,6,114,03,03,,05-03-2024,"TCGM Initial Award - Green &amp; Healthy Homes Initiative will act as pass-through entity for EPA's EJ Thriving Communities Grantmaking Program, R3 GM","This agreement provides funding under the Inflation Reduction Act (IRA) to Green  and amp; Healthy Homes Initiative (GHHI   The recipient will serve as the Region 3 Grantmaker for EPA s Thriving Communities Grantmaker program. GHHI plans to use a strong participatory governance framework to build capacity in underserved areas across the Mid-Atlantic region. GHHI and rsquo;s communication plan recognizes the need to reach diverse audiences using wide-ranging delivery methods and partners to leverage best practices in outreach and implementation. Moreover, GHHI will engage communities through a stakeholder Advisory Board, statutory partnerships, and mechanisms for providing direct feedback to adapt frequently to the needs of communities, particularly those from disadvantaged or underserved areas. Collectively, this project will design competitive application in-take and evaluation processes, subaward processes, outreach, and support for communities throughout Region 3.
 


Activities:
The activities in the initial award phase include finalizing application materials for all three subrecipient phases, assembling the review team and ensuring representation of diverse communities. In the initial award, the Grantmaker will develop the outreach plan prior to application intake process, partner with Region 3 TCTAC for education and recruitment efforts, conduct webinars, conference calls, and meetings in underserved areas to promote and explain the program. Finally, potential candidates will be identified for $75K non-competitive subawards in this phase. 

Outcomes:
The anticipated deliverables include utilizing partner networks to distribute RFA announcements, hold webinars, conference calls, and outreach events, conduct office hours to support potential applicants, and engaging expertise of Advisory Board and Technical Assistance Statutory Partners to oversee pre-application process. The expected outcomes include development of a transparent, equitable, engaging application process for the subsequent award subrecipients, with proper guidance from statutory partners and an Advisory Board. The intended beneficiaries include communities in underserved areas across Region 3. 

Subrecipient:
Subaward: Children s National Hospital - Will provide technical assistance replicable tools to inform the efforts of grantees under GHHI and rsquo;s proposed EPA Region 3 Thriving Communities program: (i) a registry of nearly all the pediatric patients with asthma in the immediate DC region; and (ii) a healthy housing map which overlays at-risk pediatric asthma morbidity and asthma-related health hazards reported at multi-family housing complexes in DC. Children s National will also leverage its network to conduct outreach and promote EPA s TC Program awareness and support applicant outreach. Subaward amount calculated at $91.95 per hour, based on best estimate of number of hours to fulfill activities. Total cost of $109,000 = 54.50% X $200,000.

Subaward: Howard University - Will support GHHI and rsquo;s Thriving Communities RFA outreach as well as project implementation. Will also provide technical assistance through the Howard University School of Law and Environmental Justice Center, as well as the School of Architecture and Thurgood Marshall Civil Rights Center. Subaward amount calculated at a $91.95 per hour rate, based on best estimate of number of hours to fulfill activities. Subaward amount calculated at a $91.95 per hour rate, based on best estimate of number of hours to fulfill activities. Total cost of $172,500 = $300,000 X 57.50 

Subaward: Virginia Poverty Law Center - Will support outreach as well as project implementation. Will also provide technical assistance. Subaward amount calculated at a $91.95 per hour rate, based on best estimate of number of hours to fulfill activities. Total cost of $78,000 = $78,000 X 100 

Subaward: Delaware State University - Will support outreach as well as project implementation. Will a",GREEN & HEALTHY HOMES INITIATIVE INC,IRA,Primary,Awarded,95341301,8000000,West Virginia,38.642567,-80.61371,,,,WV,66.615,Environmental Justice Thriving Communities Grantmaking,Protecting Communities,https://www.epa.gov/environmentaljustice/environmental-justice-thriving-communities-grantmaking-program,,01-31-2025,34.5594622392125,32.8352366724487
22,1,6,215,03,03,,12-27-2024,"TCGM Subsequent Award - Green &amp; Healthy Homes Initiative will act as pass-through entity for EPA's EJ Thriving Communities Grantmaking Program, R3 GM","This assistance agreement provides funding under the Inflation Reduction Act (IRA) to Green and Healthy Homes Initiative, a Regional Grantmaker. This program funds community-based organizations that are advancing environmental justice initiatives in their respective communities. The program seeks to minimize the administrative and procedural burden of applying for federal grants and reduce the overall burden of managing funds throughout the subgrant process. Regional Grantmakers, as pass-through entities, are required to redistribute 80 percent of total funds awarded (i.e., 60 million) to communities through competitive and noncompetitive subgrants. A supplemental 8 million has been added to the subsequent award to be redistributed to communities through competitive and noncompetitive subgrants, totaling 48 million. There is 2 million that will be used for administrative and closeout costs, and the supplemental 2 million on the subsequent award will be used for the following: additional Quality Assurance (QA) costs, Human Subjects Review (HSR) costs, as well as additional meaningful outreach and gap filling in remote, rural and hard-to-reach areas of the country, territories, and outlying islands. 

Activities:
Activities in the Subsequent Award Phase include awarding 192 competitive subgrants and 16 noncompetitive subgrants. Applications will be reviewed by a panel of staff and Technical Assistance Provider partners on a rolling basis in 5 rounds between September 2024 and April 2025. Additional activities include reporting on program oversight, management and evaluations for measuring success of subaward program, conducting Advisory Board meetings and engaging committed partners, conducting outreach events, identifying needs of subrecipients and Program Officers to provide responsive technical assistance, developing and implementing grant application and management software. GHHI s finance and accounting team will track invoices, disbursements, and outstanding payments. Program materials developed to support the TCGM Program will be reviewed for technical accuracy and quality by the Project Director, Project Manager or other technical staff. Prior to the start of applicable activities, GHHI will submit cooperative plans for the EPA Project Officer to review regarding cap amount award policy, conflict of interest, and human subjects research. 



Outcomes:
Anticipated deliverables for the subsequent award only include distributing 72 Tier 1 subawards, 60 Tier 2 subawards, 60 Tier 3 subawards and 16 noncompetitive subawards for severely capacity-constrained community organizations, as well as items such as reporting on program oversight, management and evaluations for measuring success of subaward program and feedback from subawardees on improving efficiency and effectiveness of program. Examples of expected outcomes include changes in subrecipient capacity to manage federal funds, increase in community knowledge on how to access information on issue area and increase in partnerships between community stakeholders. The intended beneficiaries are community-based organizations (CBOs) and communities at large located in the Mid-Atlantic region and as identified in the U.S. EPA Inflation Reduction Act (IRA) Disadvantaged Communities Map. 



Subrecipient:
Core Technical Assistance (TA) Providers will provide assistance and tools to inform the efforts of grantees under the TCGM program. Core TA Providers include Children s National, Howard University, and 18 TBD TA Providers based on the needs expressed by applicants. If any TCGM grant funds are awarded for additional technical assistance services to an existing Technical Assistance Provider subawardee under the grant, GHHI will not charge additional indirect costs to the grant for that Technical Assistance Provider after the initial 25,000 dollars in total direct costs have been expended. Children s National will provide a registry of pediatric patients",GREEN & HEALTHY HOMES INITIATIVE INC,IRA,Primary,Awarded,95341401,52000000,Maryland,38.827255,-76.111626,,,,MD,66.615,Environmental Justice Thriving Communities Grantmaking,Protecting Communities,https://www.epa.gov/environmentaljustice/environmental-justice-thriving-communities-grantmaking-program,,01-31-2025,34.5594622392125,32.8352366724487
23,1,7,100,05,05,,06-24-2024,The Minneapolis Foundation TCGM Grant 1,"This agreement provides funding under the Inflation Reduction Act (IRA) to The Minneapolis Foundation. This is a Regional Grantmaker.  The Minneapolis Foundation, partnered along with the NDN Collective, will institute a grantmaking program within the Region 5 states. This award will be used to develop the administrative and programmatic strength needed to award over 200 grants within Region 5, targeting areas such as rural communities, urban centers and tribal communities.

The Minneapolis Foundation will develop a Quality Management Plan, create an application to support the grantmaking program, train their statutory partner on EPA requirements, identify and recruit 10 Regional Community Advisory Committee (RAC) members,  and perform outreach in their targeted communities using these funds. The Minneapolis Foundation will use the money associated with this award to build up their grant making capacity and to cover administrative costs associated with grantmaking for the next three years. 


Activities:
The activities in the Initial Award Phase include partnering with the NDN collective and using The Minneapolis Foundation s projects (Midwest EJ Network and RE-AMP) to outreach specific communities in tribal governments, urban EJ areas and rural/remote EJ areas. Additionally, The Minneapolis Foundation and their partners will recruit 10 resident advisory committee consultants to help draft the request for funding and review applications. These 10 RAC consultants will be recruited throughout Region 5 and be comprised of individuals from different community organizations, local communities and other partnership types. RAC members along with The Minneapolis Foundation and NDN Collective will work collaboratively to create and review applications addressing the specific needs of disadvantaged communities within the Region 5 states. Various partners have experience with participatory governance and The Minneapolis Foundation will expand on those relationships through their collaboration with other community organizations. 

Outcomes:
The anticipated deliverables include developing an online platform for collecting applications and reporting, training statutory partners in Quality Assurance, monitoring type and amount of outreach in different community types, keeping application decisions no more than 5 months from application submission, and monitoring applicant satisfaction with the application process. 

The expected outcomes include short term outcomes such as increasing the number of disadvantaged community residents that have knowledge and skills about engaging in EJ, public health or climate change issues in their communities, increasing the number of disadvantaged community members with reliable access to environmental data and increasing grass-root led collaborations and partnerships working to improved environmental quality and public health in disadvantaged communities. Intermediate outcomes include increasing the number of communities that have capacity to collect, analyze and share environmental data, reduce public exposure to toxins and pollutants in areas that were restores or cleaned up and increased number of CBOs with increased capacity in terms of funding, staff and skills. Long term outcomes include increased access to healthy and affordable drinking water, improved resiliency in disadvantaged communities as related to climate impacts such as urban heat island effects and flooding and improved health outcomes from improved access to healthy foods. 

The intended beneficiaries include local communities, grass-root CBOs and disadvantaged communities. 


Subrecipient:
NDN Collective will collaboratively oversee and monitor all aspects of program implementation, paying particular attention to compliance with EPA and federal requirements along with the Minneapolis Foundation. Using a consensus decision-making model, NDN Collective and the Minneapolis Foundation will identify RAC members,",MINNEAPOLIS FOUNDATION,IRA,Primary,Awarded,00E03682,8000000,Minnesota,46.34929,-94.19835,,,,MN,66.615,Environmental Justice Thriving Communities Grantmaking,Protecting Communities,https://www.epa.gov/environmentaljustice/environmental-justice-thriving-communities-grantmaking-program,,01-31-2025,112.223012764221,70.7432250123807
24,1,7,193,05,05,,12-20-2024,Environmental Justice Thriving Communities Grantmaker Program (EJ TCGM),"This agreement provides funding under the Inflation Reduction Act (IRA) to The Minneapolis Foundation.  The recipient is a Regional Grantmaker. This proposed funding request is for a supplemental grant of $10 million for a project duration of 36 months to implement the Environmental Justice Thriving Communities Grantmaking Program (TCGM) in Region 5. Of the additional $10 million, $8 million will be redistributed as follows: Tribes and Indigenous groups and communities: $4 million of sub-grant dollars, through 17 grants across all tiers. This includes 3 non-competitive sub-grants for severely capacity constrained eligible subrecipients. [NDN Collective will lead communications, outreach, and support to this constituency  $4 million of sub-grant dollars, through 17 grants across all tiers. This includes 3 non-competitive sub-grants for severely capacity constrained eligible subrecipients. [TMF and rsquo;s RE-AMP Project will lead communications, outreach, and support to this constituency.] The additional $2 million will be used to support administrative costs including personnel and contractors to support crosscutter regulation, human subjects research and hiring a project officer to support the quality assurance process. The purpose of this award is to fund a supplemental $10 Million to the Grantmaker subsequent award for the pass-through entity The Minneapolis Foundation.



Activities:
The activities in the supplemental Award Phase include of the $10 million in supplemental funding, activities will include subgranting $8 million dollars as follows:
Year 1 (anticipated Grant 2 period): Fall 2024-Summer 2025. Proposed supplemental grantmaking total is $4 million. Expect to award 17 sub-grants across all three tiers. We anticipate making decisions in: Winter 2025; Spring 2025; and Summer/Fall 2025. Year 2 (anticipated Grant 2 period): Fall 2025-Summer 2026. Proposed supplemental grantmaking total is $4 million. We expect to award 17 sub-grants across all three tiers. We anticipate making decisions in: Fall 2025/Winter 2026; Spring 2026; and Summer 2026.
Additional funds will be used to hire an additional project officer to support the new grant load and to assist with quality assurance requirements, a human subjects research contractor  and two technical assistance contractors to focus on crosscutting.


Outcomes:
The intended deliverables are an additional 36 grants distributed as follows:

Year 1 (anticipated Grant 2 period): Fall 2024-Summer 2025  Proposed supplemental grantmaking total is $4 million. Expect to award 17 sub-grants across all three tiers. We anticipate making decisions in: Winter 2025; Spring 2025; and Summer/Fall 2025. 
Year 2 (anticipated Grant 2 period): Fall 2025-Summer 2026. Proposed supplemental grantmaking total is $4 million. We expect to award 17 sub-grants across all three tiers. We anticipate making decisions in: Fall 2025/Winter 2026; Spring 2026; and Summer 2026.

Expected outcomes include providing grants to support a cleaner environment, increase community resiliency to environmental stressors, and to build capacity for smaller organizations.

Intended beneficiaries for the supplemental $10 million include communities urban, tribal, and remote communities located within the IRA disadvantaged communities map.

Subrecipient:
Of the $10 million in supplemental funding, $8 million will be subgranted across three tiers to tribal and indigenous communities; and to remote and rural communities, with $4 million allocated to each for 34 additional subgrant awards in addition to those given with the $40 million in the subsequent award. Additionally, 3 subawards (one per year) will be awarded to NDN collective for the additional support and coordination needed to manage the addition $4 million in subgrants to indigenous and tribal nations.",MINNEAPOLIS FOUNDATION,IRA,Primary,Awarded,01E03682,52000000,Minnesota,46.34929,-94.19835,,,,MN,66.615,Environmental Justice Thriving Communities Grantmaking,Protecting Communities,https://www.epa.gov/environmentaljustice/environmental-justice-thriving-communities-grantmaking-program,,01-31-2025,112.223012764221,70.7432250123807
25,1,7,298,05,05,,12-20-2024,COMMUNITY DEVELOPMENT AND TECHNICAL ASSISTANCE TO ADVANCE ENVIRONMENT AND ENERGY JUSTICE IN THE GREAT LAKES REGION,"The Thriving Communities Technical Assistance Center will leverage existing university extension networks and technical service providers to reach remote, rural, and underserved communities across EPA Region 5, including the states of Minnesota, Michigan, Wisconsin, Illinois, Indiana, and Ohio and 37 Tribal Nations.

The Inflation Reduction Act (IRA) technical assistance (TA) funds issued to the enter name of TCTAC are specifically for the EJ TCTAC to coordinate and collaborate with the EJ Thriving Communities Grantmaking program recipients (Grantmakers) and/or provide additional technical assistance and support to applicants and subgrantee recipients funded through the Grantmaker program. The Grantmakers are considered Technical Assistance providers, who provide funding as well as technical assistance to applicants and subgrantee recipients addressing environmental concerns of disadvantaged communities. Per the EJ TCTAC Request for Applications (RFA), Funding Opportunity	Number EPA-I-OP-OEJ-22-02, the EJ TCTACs are expected to coordinate with other Technical Assistance providers over the project period.


Activities:
The proposed Great Lakes Environmental Justice Technical Assistance Center (TAC) is oriented around three interrelated activities: 1. identify underserved and overburdened communities who could benefit from environmental and energy-related programs, 2. build capacity for communities to engage in environmental decision making and access technical assistance, and 3. provide tailored, accessible, culturally appropriate assistance that allows communities to secure funding and resources that materially improve their social, economic, and environmental outcomes.

Outcomes:
The anticipated deliverables for the TCTAC include: a web portal, minutes and trainings related to community workshops, records of applicants assisted, and other related materials. Expected outcomes include: 1. higher capacity for communities, non-profit organizations, and individuals to apply for grant opportunities, 2. improved connections between communities and technical assistance resources, and 3. increased participation in federal and state environmental and energy decision-making as evidenced by greater participation in public engagement, outreach, EPA and DOE programs, public comments, and EJ communities occupying positions of power in local and federal decision-making bodies.

The intended beneficiaries are the people of Region 5, including the residents of Minnesota, Wisconsin, Michigan, Illinois, Indiana, and Ohio, as well as the members of the 35 federally-recognized Tribes present in the region.

Subrecipient:
Activities include providing technical assistance to Region 5 communities and individuals, running workshops, communicating about funding opportunities, and other related activities.",REGENTS OF THE UNIVERSITY OF MINNESOTA,IRA,Primary,Awarded,00E03450,3000000,Minnesota,46.34929,-94.19835,,,,MN,66.309,Supplemental Funding for Thriving Communities Technical Assistance Centers (TCTACs) to coordinate and collaborate with the EJ Thriving Communities Grantmakers and/or provide technical assistance to applicants and subgrantee recipients of Grantmaker program.,Protecting Communities,https://www.epa.gov/environmentaljustice/environmental-justice-thriving-communities-technical-assistance-centers,,01-31-2025,112.223012764221,70.7432250123807
26,1,8,63,07,07,,12-30-2024,Environmental Justice Thriving Communities Technical Assistance Centers Program,"This agreement provides funding to Wichita State University. Specifically, the recipient will remove barriers and improve accessibility for communities with environmental justice concerns. With this critical investment, Wichita State University center will provide training and other assistance to build capacity for navigating federal grant application systems, writing strong grant proposals, and effectively managing grant funding. In addition, this center will provide guidance on community engagement, meeting facilitation, and translation and interpretation services for limited English-speaking participants, thus removing barriers and improving accessibility for communities with environmental justice concerns and will also create and manage communication channels to ensure all communities have direct access to resources and information.

The Inflation Reduction Act (IRA) technical assistance (TA) funds issued to Wichita State University are specifically for the EJ TCTAC to coordinate and collaborate with the EJ Thriving Communities Grantmaking program recipients (Grantmakers) and/or provide additional technical assistance and support to applicants and subgrantee recipients funded through the Grantmaker program. The Grantmakers are considered Technical Assistance providers, who provide funding as well as technical assistance to applicants and subgrantee recipients addressing environmental concerns of disadvantaged communities. Per the EJ TCTAC Request for Applications (RFA), Funding Opportunity	
Number EPA-I-OP-OEJ-22-02, the EJ TCTACs are expected to coordinate with other Technical Assistance providers over the project period.


Activities:
The activities include: serving as a hub for information, training, resources, technical assistance (TA), and connection for addressing environmental justice and energy justice concerns in underserved communities in Missouri, Nebraska, Kansas, Iowa and Federally Recognized Tribes; develop operations center and focus on creating community assessment process and tools; host grant writing/management trainings, host civic engagement trainings, respond to requests from general public regarding environmental and energy justice grant making and program needs, provide training and technical assistance to identify communities of greatest need (CGNs) and act as a community engagement and outreach hub for the region.

Outcomes:
The anticipated deliverables include targeted community engagements such as outreach, grant writing and evaluation workshops, trainings, community engagement events, etc. The expected outcomes includes grant training, community needs assessment, surveys, interviews, mapping, research and other tools to assess environmental justice or energy justice needs; and civic engagement and leadership development. The intended beneficiaries includes large, small, rural, remote, and tribal communities; nonprofits; businesses; local governments; and state and federal agencies across the Heartland of Kansas, Nebraska, Iowa, Missouri, and Federally Recognized Tribes. The Center will build a community and rsquo;s ability to participate in environmental justice and energy justice decision-making at all levels of government, find and apply for grants, and engage with the private sector to be part of energy and infrastructure project design and development. 


Subrecipient:
Wichita State University EJ TCTAC centers will provide guidance on community engagement, meeting facilitation, and translation and interpretation services for limited English-speaking participants, thus removing barriers and improving accessibility for communities with environmental justice concerns.",WICHITA STATE UNIVERSITY,IRA,Primary,Awarded,96701501,3000000,"Wichita, KS",37.69118,-97.34151,,Wichita,,KS,66.309,Supplemental Funding for Thriving Communities Technical Assistance Centers (TCTACs) to coordinate and collaborate with the EJ Thriving Communities Grantmakers and/or provide technical assistance to applicants and subgrantee recipients of Grantmaker program.,Protecting Communities,https://www.epa.gov/environmentaljustice/environmental-justice-thriving-communities-technical-assistance-centers,,01-31-2025,78.0911107615179,51.404329676557
27,1,9,6,02,02,,09-04-2024,Flourishing in Community: Fordham in Community Environmental Justice Grantmaker Initiative,"This agreement provides funding under the Inflation Reduction Act to Fordham University to support nonprofit organizations and organizations representing disadvantage communities through its Thriving Communities Grantmaker Initiative titled Flourishing In Communities (FIC   Specifically, Fordham University Grantmaker proposes an intersectional approach to place frontline communities in positions of power to advance environmental justice and climate justice in disadvantaged and hard-to-reach communities and communities disproportionately impacted by climate change, pollution, and other environmental stressors in New York, New Jersey, Puerto Ric, and U.S. Virgin Islands.  Fordham University Grantmaker will foster stakeholder engagement; establish a community led participatory governance; facilitate a robust and accessible subgrant application, disbursement, monitoring and reporting process; and provide technical assistance and wrap-around support to subgrantees. This Grantmaker initiative will reduce barriers the federal grant process places on small, resource-constrained community-based nonprofits supporting the underserved communities. 

Activities:
The activities in the Initial Award Phase include: a series of meetings, workshops and webinars, both face-to-face and virtual to foster authentic stakeholder engagement and establish participatory governance, facilitate a robust and accessible subgrant application, disbursement, monitoring and reporting process.

Outcomes:
It is anticipated that this project will result in the following deliverables and expected outcomes: development of participatory governance, outreach plan, subgrant application consisting of disbursement, monitoring, and reporting process. Direct Beneficiaries of the program include resident located in New Jersey, New York, Puerto Rico and The United States Virgin Island and Indian Nations.  


Subrecipient:
Fordham University will issue subawards under this Cooperative Agreement. Subaward activities will include project coordination, intake applications, development of solicitation and outreach activities,",FORDHAM UNIVERSITY,IRA,Primary,Awarded,96265601,8000000,Virgin Islands,18.328367,-64.9145,,,,VI,66.615,Environmental Justice Thriving Communities Grantmaking,Protecting Communities,https://www.epa.gov/environmentaljustice/environmental-justice-thriving-communities-grantmaking-program,,01-31-2025,19.3073495136769,40.5255452660948
28,1,9,25,02,02,,01-15-2025,Grantmaker - Subsequent Award,"This agreement provides funding under the Inflation Reduction Act to Fordham University to support nonprofit organizations and organizations representing disadvantaged communities through its Thriving Communities Grantmaker Initiative titled Flourishing In Communities (FIC  The recipient, a Regional Grantmaker, proposes an intersectional approach to place frontline communities in positions of power to advance environmental and nbsp;justice and climate justice in disadvantaged and hard -to-reach communities and communities disproportionately impacted by climate change, pollution, and other environmental stressors in New York, New Jersey, Puerto Rico, and U.S. Virgin Islands. Specifically, Fordham University intends to award and manage competitive and noncompetitive subgrants through its Flourishing In Communities funding program. In addition, the recipient will oversee programmatic tracking, distribute funds and provide wrap-around support to  ensure the success of the subgrantees. This Grantmaker funding program will reduce barriers the federal grant process places on small, resource-constrained community-based nonprofits supporting the underserved communities.

The purpose of this award is to fund the subsequent award for the pass-through entity Fordham University.

Activities:
The activities in the subsequent award include a range of initiatives designed to promote and implement a comprehensive subgrant funding program. This includes hosting a series of meetings, workshops, and webinars both in person and virtual to encourage eligible stakeholder participation and raise awareness about the subgrant opportunities. Also, to effectively implement the subgrant program, Fordham University will open their Thriving Communities subgrant program for competitive and noncompete awards, develop a Quality Management Plan, conduct application reviews, establish an evaluate process to review and rank eligible application, manage and distribute funds to eligible subgrantees. In addition, Fordham University will conduct post award monitoring of subgrantees to ensure compliance and assess progress with regular reporting on the outcomes of the funded projects. 

Outcomes:
It is anticipated that this project will result in the following deliverables and expected outcomes: development of  a Quality Management Plan, forty-eight information sessions across New York, New Jersey, Puerto Rico and the U.S. Virgin Islands, development a robust communication strategy, award approximately 300 competitive and non-competitive subawards to eligible subgrantees, create an intuitive online platform and dashboard for subgrantees to easily to apply, track projects and access relevant information and resources related to the grant process. Direct Beneficiaries of the program include resident located in New Jersey, New York, Puerto Rico and The United States Virgin Island and Indian Nations.


Subrecipient:
Fordham University will administer subawards under this Cooperative Agreement with activities including project coordination, application Intake, and outreach efforts. As a pass-through entity, Fordham University will also manage and distribute funds through its Thriving Communities Grantmaker program to eligible subgrantees.",FORDHAM UNIVERSITY,IRA,Primary,Awarded,96265602,52000000,New Jersey,39.566463,-74.72432,,,,NJ,66.615,Environmental Justice Thriving Communities Grantmaking,Protecting Communities,https://www.epa.gov/environmentaljustice/environmental-justice-thriving-communities-grantmaking-program,,01-31-2025,19.3073495136769,40.5255452660948
29,1,9,50,02,02,,01-15-2025,EAGEL Engage and Assist Grassroots organizations for Environmental Energy Justice and Leadership capacity building for Region 2 EJ TCTAC,"The agreement provides funding to Inter American University of Puerto Rico Metro Campus (IAUPR) to build the capacity of community stakeholder, local leaders, and community members located in Puerto Rico, and the United States Virgin Islands.  Specifically, the recipient will create hubs in Puerto Rico and USVI using a highly successful model previously implemented in by IAUPR in Puerto Rico. The recipients and rsquo; goal is to  and ldquo;Build Community Capacity, Climate Resilience and Maximizing Benefits to overburdened and underserved communities increasing EPA support for community-led action by providing investments and benefits directly to communities with environmental justice concerns and by integrating equity throughout Agency programs. and rdquo; Objective is to provide training, technical assistance (TA), and support for core areas; Collaborative problem-solving, Grants and Fundraising Capacity, and Environmental/Energy Justice Advocacy. The Inflation Reduction Act (IRA) technical assistance (TA) funds issued to the InterAmerican University of Puerto Rico are specifically for the EJ TCTAC to coordinate and collaborate with the EJ Thriving Communities Grantmaking program recipients (Grantmakers) and/or provide additional technical assistance and support to applicants and subgrantee recipients funded through the Grantmaker program. The Grantmakers are considered Technical Assistance providers, who provide funding as well as technical assistance to applicants and subgrantee recipients addressing environmental concerns of disadvantage communities. Per the EJ TCTAC Request for Applications (RFA), Funding Opportunity Number EPA-I-OP-OEJ-22-02, The EJ TCTACs are expected to coordinate with other Technical Assistance providers over the project period.

Activities:
The activities include: a series of meetings, workshops, and webinars, both face-to-face and virtual; the hubs and partners will engage grassroot organizations in strengthening institutional capacity. The step-by-step unpacking of the identifying organizational, technical needs, creation of guides and manuals that are culturally and linguistically appropriate and a hands-on-approach for providing technical assistance and support to participants primarily in Puerto Rico and U.S. Virgin Islands. EAGEL will develop a HUB One Stop Center in Puerto Rico and US Virgin Islands to provide eligible services for Environmental/Energy Justice in underserved, rural, and remote communities. 

Outcomes:
It is anticipated that this project will result in the following deliverables and expected outcomes: recruit and engage approximate 340 organizations in strengthening their institutional capacity through training and technical assistance; to provide 5500 hours of training and services to grassroots organizations. Through this project the recipient expects that up to 90% of participating organization will increase their knowledge of grantsmanship; 70% of organizations will increase the capability to apply and receive grant funding as well as to establish educational and training modules on core areas for collaborative problem-solving and leadership for civic engagement, grantsmanship  and amp; fundraising.  Direct beneficiaries of this program include residents located in Puerto Rico and U.S. Virgin Islands. 

Subrecipient:
Inter American University of Puerto Rico will issue subawards under this Assistant Agreement. The sub awardees will provide coordination of the project, preparing materials, outreach activities, grantsmanship, environmental and energy justice advocacy.","Inter American University of Puerto Rico, Inc.",IRA,Primary,Awarded,96230523,3000000,Puerto Rico,18.217392,-66.36223,,,,PR,66.309,Supplemental Funding for Thriving Communities Technical Assistance Centers (TCTACs) to coordinate and collaborate with the EJ Thriving Communities Grantmakers and/or provide technical assistance to applicants and subgrantee recipients of Grantmaker program.,Protecting Communities,https://www.epa.gov/environmentaljustice/environmental-justice-thriving-communities-technical-assistance-centers,,01-31-2025,19.3073495136769,40.5255452660948
30,1,9,200,02,02,,01-16-2025,WE ACT for Environmental Justice proposes to lead and host an Environmental Justice Thriving Communities Technical Assistance Center for EPA Region 2.,"The agreement provides funding to WE ACT for Environmental Justice to support Environmental Justice Programs through its Environmental Justice Thriving Communities Technical Assistance Center for participants in EPA Region 2.  Specifically, WE ACT Technical Assistance Collaborative will service underserved, rural and remote communities within the areas of New Jersey, New York, Puerto Rico, the US Virgin Islands and eight Indian Nations.  WE ACT Technical Assistance Collaborative brings together academic partners with climate, policy, regulatory, and decisionmaker engagement expertise; outreach partners from across the region, with an emphasis on reaching rural and remote communities; and energy justice technical and funding expertise.  This technical assistance service to be provided will increase the underserved and rural communities and rsquo; capacity to address environmental and energy justice concerns in their respective communities. 
The Inflation Reduction Act (IRA) technical assistance (TA) funds issued to WE ACT for Environmental Justice are specifically for the EJ TCTAC to coordinate and collaborate with the EJ Thriving Communities Grantmaking program recipients (Grantmakers) and/or provide additional technical assistance and support to applicants and subgrantee recipients funded through the Grantmaker program. The Grantmakers are considered Technical Assistance providers, who provide funding as well as technical assistance to applicants and subgrantee recipients addressing environmental concerns of disadvantaged communities. Per the EJ TCTAC Request for Applications (RFA), Funding Opportunity Number EPA-I-OP-OEJ-22-02, the EJ TCTACs are expected to coordinate with other Technical Assistance providers over the project period.

Activities:
The activities include: a series of meetings, workshops, and webinars, both face-to-face and virtual: the hubs and partners will engage grassroot organizations in strengthening institutional capacity. The recipient will assist grassroot organizations to identify organizational, and technical needs, create culturally and linguistically appropriate guides and manuals, and to develop a hands-on approach for providing technical assistance and support for participants in New Jersey, New York, Puerto Rico, the United States Virgin Islands and eight Indian Nation.

Outcomes:
It is anticipated that this project will result in the following deliverables and expected outcomes: recruitment and engagement of grassroot organizations annually to strengthen their institutional capacity through training and technical assistance to increase their capability to apply for and receive grant funding; Increase project participants knowledge of grantsmanship, environmental justice and energy justice. Also, the recipient will develop an online resource library.  Direct beneficiaries of this program include residents located in New Jersey, New York, Puerto Rico, the United States Virgin Islands and eight Indian Nations.  

Subrecipient:
WEACT will issue subawards under this Cooperative Agreement. Subaward activities will include project coordination, development of informational materials, outreach activities, grantsmanship and environmental and energy justice training.",WEST HARLEM ENVIRONMENTAL ACTION INC,IRA,Primary,Awarded,96230923,3000000,New York,42.921234,-75.59654,,,Madison County,NY,66.309,Supplemental Funding for Thriving Communities Technical Assistance Centers (TCTACs) to coordinate and collaborate with the EJ Thriving Communities Grantmakers and/or provide technical assistance to applicants and subgrantee recipients of Grantmaker program.,Protecting Communities,https://www.epa.gov/environmentaljustice/environmental-justice-thriving-communities-technical-assistance-centers,,01-31-2025,19.3073495136769,40.5255452660948
31,1,10,23,09,09,,12-19-2024,Special Purpose Activities Related To Environmental Justice,"The Western Environmental Science Technical Assistance Center for Environmental Justice (WEST EJ Center) or Environmental Justice Thriving Communities Technical Assistance Center (EJ TCTAC) will be led by the grantee, Arizona Board of Regents, The University of Arizona, through a central hub (CH) with various units as well as the subwardee, Sonora Environmental Research Institute, to support all Region 9 communities with technical assistance for developing, applying for, and successfully managing environmental justice projects and grants. Other partners include Public Health Institute, Hawai and rsquo;i Public Health Institute, University of Nevada, Reno and University of Southern California, that will support the CH with marketing and outreach, training development, program evaluation, and tribal assistance. The three main objectives are: 1) providing assistance and training for grant applications and management; 2); increasing community involvement in environmental and energy decision-making and 3) providing access to environmental and energy expertise. CH and spoke partners will lead on delivering services (in person and virtually) to eligible community organizations, building and expanding on their existing eligible community organizations in their network and identifying and connecting with new community organizations, supporting community engagement and capacity building.

This agreement provides partial funding in the amount of $4,000,000. Preaward costs are approved back to 6/1/2023. Refer to Terms and Conditions.

The Inflation Reduction Act (IRA) technical assistance (TA) funds issued to the enter name of TCTAC are specifically for the EJ TCTAC to coordinate and collaborate with the EJ Thriving Communities Grantmaking program recipients (Grantmakers) and/or provide additional technical assistance and support to applicants and subgrantee recipients funded through the Grantmaker program. The Grantmakers are considered Technical Assistance providers, who provide funding as well as technical assistance to applicants and subgrantee recipients addressing environmental concerns of disadvantaged communities. Per the EJ TCTAC Request for Applications (RFA), Funding Opportunity. Number EPA-I-OP-OEJ-22-02, the EJ TCTACs are expected to coordinate with other Technical Assistance providers over the project period.


Activities:
Key activities performed are as follows: 
1) Development of the WEST EJ Technical Assistance Center, including but not limited to hiring and training, partner coordination, participant support, grant management, and EPA reporting;
2) Development and management of subaward contracts;
3) Development and implementation of a marketing and outreach plan reaching all of region 9;
4) Coordination and execution of a needs assessment across region 9, including but not limited to data analysis and planning sessions for how to address community needs;
5) Designing an evaluation plan to receive and incorporate participant feedback in center activities;
6) Development and execution of trainings for identifying and applying to funding sources for environmental and energy projects, as well as energy resilience trainings;
7) Development of online funding repository as well as summary of renewable and energy polices and energy financing options which will be located on the established website for the TCTAC in English and Spanish;
8) Fostering community involvement and capacity building through activities such as community resource fairs, Community Champions program, and student internships;
9) Development of technical assistance consultation processes for community members, including but not limited to compilation of technical resources, development of user guides, statistical consultation, and hands on assistance for submitting and post-award management compliance.

Outcomes:
Deliverables for WEST EJ Center Operation are expected and are not limited to: *Quality Assurance Project Plans (QAPPS",UNIVERSITY OF ARIZONA,IRA,Primary,Awarded,98T65901,3000000,"Tucson, AZ",32.238373,-110.94611,85719,Tucson,Pima County,AZ,66.309,Supplemental Funding for Thriving Communities Technical Assistance Centers (TCTACs) to coordinate and collaborate with the EJ Thriving Communities Grantmakers and/or provide technical assistance to applicants and subgrantee recipients of Grantmaker program.,Protecting Communities,https://www.epa.gov/environmentaljustice/environmental-justice-thriving-communities-technical-assistance-centers,,01-31-2025,105.09384124416,91.3350977157596
32,1,10,97,09,09,,12-19-2024,Special Purpose Activities Related to Environmental Justice,"The Inflation Reduction Act (IRA) technical assistance (TA) funds issued to the SDSU TCTAC, Center for Community Energy and Environmental Justice are specifically for the EJ TCTAC to coordinate and collaborate with the EJ Thriving Communities Grantmaking program recipients (Grantmakers) and/or provide additional technical assistance and support to applicants and subgrantee recipients funded through the Grantmaker program. The Grantmakers are considered Technical Assistance providers, who provide funding as well as technical assistance to applicants and subgrantee recipients addressing environmental concerns of disadvantaged communities. Per the EJ TCTAC Request for Applications (RFA), Funding Opportunity	

 
Number EPA-I-OP-OEJ-22-02, the EJ TCTACs are expected to coordinate with other Technical Assistance providers over the project period.


The purpose of this project is to empower communities by providing critical services to community organizations. These services will expand participants and rsquo; capacity to meet community-defined priorities and participate meaningfully in decision-making processes, focusing specifically on underserved, rural, remote, tribal, indigenous, and Pacific Island communities across EPA Region 9. The goal/mission is to leverage and strengthen community assets by creating an accessible in-person and virtual community that builds capacity and provides technical assistance in energy and environmental justice centered around four unifying objectives: 1) Outreach and partnership building, 2) Development of resources, 3) Transfer of knowledge and building community capacity, 4) Evaluation, adaptation, and innovation. The hub of the Thriving Communities Technical Assistance Centers (TCTAC) will be based in a physical and virtual center at San Diego State University (SDSU) called the Center for Community Energy and Environmental Justice. Hub partners will work to coordinate activities in their area(s) of expertise across all of EPA Region 9 and will facilitate co-production, co-development, sharing , transfer, and delivery of both process and content among Spoke partners and community partners for environmental programs (air, water, waste, energy, toxics) and grantsmanship. Spoke partners will lead on delivering services (in person and virtually) to eligible community organizations, building and expanding on their existing eligible community organizations in their network and identifying and connecting with new community organizations, supporting community engagement and capacity building.

Hub Partners include: SDSU Community Climate Action Network, Environmental Protection Network, USD Energy Policy Initiative Center, ASU Energy and Society, Institute for Tribal Environmental Professionals, and Center for Creative Land Recycling.

Spoke Partners include: Climate Science Alliance (CA), Public Health Alliance (CA), Arizona State Univ School of Sustainability (AZ), Desert Research Institute (NV), Pacific RISA (HI, AS), and Univ of Guam Center for Island Sustainability (Guam 

This agreement provides partial federal funding in the amount of $4,000,000.  Pre-award costs are approved back to 6/1/2023.  Refer to Terms and Conditions.

Activities:
SDSU TCTAC and rsquo;s mission is to leverage and strengthen community assets by creating an accessible in-person and virtual community that builds capacity and provides technical assistance in energy and environmental justice centered around four unifying objectives: 1) Outreach and partnership building, 2) Development of resources, 3) Transfer of knowledge and building community capacity, 4) Evaluation, adaptation, and innovation. 

Activities include convening TCTAC hubs and spokes meetings. Conducting needs assessments starting with communities where TCTAC partners. Develop outreach collateral (i.e. logo, website, communication channels, etc  Release of communication materials to spokes to customize and enhance outreach. Increasing comm",SAN DIEGO STATE UNIVERSITY FOUNDATION,IRA,Primary,Awarded,98T65801,3000000,"San Diego, CA",32.77178,-117.07198,92182,San Diego,San Diego County,CA,66.309,Supplemental Funding for Thriving Communities Technical Assistance Centers (TCTACs) to coordinate and collaborate with the EJ Thriving Communities Grantmakers and/or provide technical assistance to applicants and subgrantee recipients of Grantmaker program.,Protecting Communities,https://www.epa.gov/environmentaljustice/environmental-justice-thriving-communities-technical-assistance-centers,,01-31-2025,105.09384124416,91.3350977157596
33,1,10,206,09,09,,12-12-2024,Inflation Reduction Act - Environmental Justice Thriving Communities,"This agreement provides funding to Social and Environmental Entrepreneurs (S.E.E  The recipient is a Regional Grantmaker that will receive $10 million in supplemental funds to support Quality Assurance compliance, Human Subjects Research, outreach and additional support in hard-to-reach areas. The supplemental funding is an additional 20% of the Grantmakers total funding of $50 million. 

Activities:
The activities in include SEE and their partners expanding their reach and impact, providing essential resources to address environmental justice issues across Region 9. Of the total supplemental funding, SEE will allocate a portion for administrative activities and the majority of the funds directed toward subgrants for community-based nonprofits and eligible organizations. SEE will ensure program execution and dedicate most of the resources to subgrants that will directly fund eligible groups. 

The funding will provide critical support to subgrantees in several targeted areas, reducing administrative burdens and enhancing project outcomes. SEE will increase resources for quality assurance compliance, by providing additional staff, consulting support, and training to streamline reporting and ensure compliance with federal requirements, which will enable subgrantees to focus on delivering impactful projects rather than navigating complex administrative obstacles. Similarly, resources dedicated to Human Subjects Research will alleviate challenges for subgrantees by offering expanded training, resource budgets, and staff support. These enhancements will ensure that all projects adhere to ethical and legal standards while remaining accessible for grantees with limited capacity.  

With these funds, SEE will expand efforts to host both webinars and in-person workshops as integral components of the outreach strategy. SEE will also translate outreach materials as necessary to ensure resources are accessible to a broader audience. Beyond outreach, SEE is committed to providing ongoing support to subgrantees after they receive regrants. This can include closeout assistance and additional funding for management to ensure successful project completion. Enhanced support for construction and crosscutters compliance will further reduce reporting burdens, with staff and consulting resources dedicated to meeting federal requirements such as Davis-Bacon and Build America, Buy America (BABA 

Outcomes:
The main anticipated deliverables of this funding are obtaining skills personnel to support project logistics, managing payments for subawardees, and the design and implementation of a targeted outreach strategy.  These roles will enable SEE to select and award subaward applicants in disadvantaged and hard-to-reach areas. In addition, another significant deliverable will be providing Quality Assurance Technical Support to ensure Quality Assurance activities are operating in compliance with EPA requirements and subawardees are receiving assistance in developing QAPPs.

Some expected outcomes include increased outreach and grant funding to underserved communities, improved Quality Assurance management and QAPP development, increased access to funding for proposed projects, and disadvantaged communities having equitable access to funding for environmental justice projects identified by community residents.

The intended beneficiaries are organizations that serve disadvantaged communities and the communities themselves that will benefit from meaningful involvement and subgrant project resources.

Subrecipient:
SEE will compete and evaluate applications received for Tier 1  and ndash; 3 subgrants. Selected applicants will receive funding from SEE for Assessment, Planning, and Project Development projects. SEE also has four Statutory Partners that will receive subawards to assist in designing and implementing the Tier 1  and ndash; 3 subgrant program.","SOCIAL AND ENVIRONMENTAL ENTREPRENEURS (SEE), INC.",IRA,Primary,Awarded,98T97502,52000000,"Calabasas, CA",34.1566,-118.6403,91302,Calabasas,Los Angeles County,CA,66.615,Environmental Justice Thriving Communities Grantmaking,Protecting Communities,https://www.epa.gov/environmentaljustice/environmental-justice-thriving-communities-grantmaking-program,,01-31-2025,105.09384124416,91.3350977157596
34,1,10,227,09,09,,05-21-2024,Inflation Reduction Act - Environmental Justice Thriving Communities,"This agreement provides funding under the Inflation Reduction Act (IRA) to Social and Environmental Entrepreneurs (S.E.E.) as a Regional Grantmaker.  The recipient will establish Participatory Governance through a Community Advisory Panel to inform the Grantmaking process, conduct outreach events to gain an understanding of geographic needs and provide technical assistance, and develop a Thriving Communities Grantmaker subaward framework. S.E.E. will implement a subgrants framework design that will provide flexibilities in the application process and a streamlined award process and fund projects designed to reach communities that are socially vulnerable, overburdened with pollution or experience high levels of environmental or health risks. The project will include extensive outreach in rural and remote areas, development of geographically and culturally appropriate outreach plans and creation of a Community Advisory Panel to inform the outreach and grantmaking approach. 

This assistance agreement provides full federal funding in the amount of $8,000,000. Preaward costs are approved back to 5/20/2024. Refer to Terms and Conditions.



Activities:
The activities include: 
- Establishing Participatory Governance by finalizing Statutory Partnership Agreements and creating a Community Advisory Panel
- Collaborating with Statutory Partners and the Community Advisory Panel to develop a Thriving Communities Subgrant Program 
- Begin conducting outreach to eligible program subrecipients across EPA Region 9



Outcomes:
The anticipated deliverables include establishing Participatory Governance by finalizing Statutory Partnership Agreements and creating a Community Advisory Panel, collaborating with Statutory Partners and the Community Advisory Panel to develop a Thriving Communities Subgrant Program, and beginning outreach to eligible program subrecipients across EPA Region 9.

The expected outcomes include designing the subgrants program that will provide flexibilities in the application process and a streamlined award process to fund projects designed to reach communities that are socially vulnerable, overburdened with pollution or experience high levels of environmental or health risks. 

The intended beneficiaries include communities across EPA Region 9 (AZ, CA, HI, NV, American Samoa, Commonwealth of the Northern Mariana Islands, Guam, and 148 tribes 


Subrecipient:
This is assistance agreement includes subawards for Community Foundation for Southern Arizona, International Community Foundation, Liberty Hill Foundation, Native Americans in Philanthropy, and Resources Legacy Fund will received subawards to aid Social and Environmental Entrepreneurs with:
 and bull; Conducting outreach and program development and oversight
 and bull; Co-designing recruitment, application evaluation, and award selection processes to formally award Phase I, Phase II, and Phase III subgrants
 and bull; Implementing a robust communications and outreach strategy to ensure the program reaches environmental justice communities - those with the heaviest environmental pollution burdens","SOCIAL AND ENVIRONMENTAL ENTREPRENEURS (SEE), INC.",IRA,Primary,Awarded,98T97501,8000000,"Calabasas, CA",34.1566,-118.6403,91302,Calabasas,Los Angeles County,CA,66.615,Environmental Justice Thriving Communities Grantmaking,Protecting Communities,https://www.epa.gov/environmentaljustice/environmental-justice-thriving-communities-grantmaking-program,,01-31-2025,105.09384124416,91.3350977157596
